id,name,country,Phone,e-mail
1026091845,Mercedes Mertz II,Belarus,1-556-576-2308 x5788,alena.friesen@nitzschepadberg.info
1222185895,Serenity Rutherford,Colombia,1-729-496-1991,shea@bogan.biz
1598009069,Loyce Davis,Guinea-Bissau,(388)195-1078,salvatore@mann.biz
167901627,Noemy Abshire,Rwanda,953.861.0718,madge_homenick@dickensklocko.ca
1792076829,Prof. Shanon Ledner DVM,Bosnia and Herzegovina,632-904-8052 x88108,kyle@senger.com
1750057288,Greta Kerluke,Martinique,1-456-962-4642 x47257,vern.lockman@prosaccodamore.name
138348377,Dr. Axel McCullough,"Macedonia, the Former Yugoslav Republic of",836.600.7637 x0729,elliot@hellerlemke.us
547556330,Abner Block,Faroe Islands,096.143.3335,una_zieme@considine.ca
352086503,Isac Gutkowski,Russian Federation,(370)294-3080,julian.reichel@gleason.uk
1357414799,Mrs. Ebba Oberbrunner,United Arab Emirates,857-333-6385 x357,abigail@senger.info
85671789,Dawson Hodkiewicz,Aruba,577-807-5355,luna@schmeler.com
748293513,Hertha Moen,Kyrgyzstan,(875)157-9819 x06096,jasen@klockoheidenreich.name
1753847711,Jasen Cruickshank,Israel,1-331-446-7345 x79869,kira_wuckert@weber.info
1760192904,Prof. Stephon Turner PhD,Anguilla,(040)877-2004 x64757,ulises.kihn@nienow.ca
249578360,Mr. Frederik Ocie Mueller MD,Djibouti,1-985-723-4317,santa_grady@hartmannhowell.us
725201332,Ida Gusikowski,Philippines,941.833.5550,rosalia_sawayn@erdman.uk
472734332,Ms. Reynold Skiles,Bouvet Island,972-743-6587 x635,guy@sanford.ca
2000550598,Clementine Fisher,Israel,699.401.7034,floy@morar.ca
1331495867,Miss Brenden Kory Kutch,Croatia,563-057-7217 x6040,harmon_bartell@creminswaniawski.co.uk
1173614114,Elena Moore,Belize,(597)473-1727 x9381,nelson@conn.co.uk
509386223,Bennett Steuber,Romania,1-441-217-7347,terence@mcglynn.us
1461925265,Gerry Gerhold,Sint Maarten (Dutch part),621.375.4334,marcos@harrisleffler.co.uk
713078124,Estefania Muller,Bahamas,521.271.2773 x0626,carmen@dickinsonturcotte.uk
800999388,Trace Waelchi III,Canada,1-379-275-2673 x4809,layla@abernathyparisian.ca
1946710103,Shaun O'Connell,Gambia,1-760-643-8953,athena@veum.us
1664524258,Miss Linwood Grady,Sudan,382-175-1297 x9035,icie@emmerich.name
1236799940,Mr. Hobart Kevin Reichert PhD,Svalbard and Jan Mayen,(720)818-2112 x0016,jammie@kuhn.name
1422527339,Kelly Bayer,Senegal,(184)485-6689 x0199,jayne.spencer@kerluke.ca
1529600699,Ardith Considine III,Kuwait,811.093.8311 x780,keyon.dibbert@bartell.com
1115784548,Prof. Haylie Lynch Sr.,Argentina,820-416-9327 x01315,georgette.heller@corkery.biz
1605852391,Brenden Hamill,Antigua and Barbuda,683-709-9015 x91017,asia@becker.biz
2037985920,Felicity Tillman,Bahamas,1-159-139-9743 x91171,kevon@larsonparisian.ca
1551969629,Clara VonRueden,United States,110-615-8572 x9876,marcia_fisher@denesik.biz
1044613550,Dr. Laurine Davis DVM,Guatemala,(807)040-3709,stefanie@johnston.info
1866735417,Ms. Dusty Harley Schoen DDS,Armenia,509.735.5752,vicente@nicolas.uk
419319031,Mr. Luisa Earline Greenfelder V,Azerbaijan,1-158-830-5357 x18351,dariana@bartoletti.name
1756322285,Prof. Antonette Schaden,Somalia,988-029-6790 x4903,jasen.kutch@jenkins.co.uk
1326252505,Miss Easton Jovanny Hayes MD,Norway,(223)734-3648,jennie@ullrich.name
2116156493,Mrs. Abraham Unique Toy II,Barbados,153.364.5281,rahsaan_carroll@steuber.com
317590004,Cole Rowe,"Palestine, State of",791.617.8489 x42522,francesca@koeppprosacco.ca
1524251345,Theo Aufderhar,Åland Islands,1-453-386-6578,veronica@brakus.co.uk
586291365,Melany Lysanne Borer V,Bahrain,572.559.7034,benton.lakin@sanford.co.uk
2003744151,Laury Pfannerstill,Croatia,1-509-816-8048 x09206,nolan.swaniawski@cartwrightpagac.ca
1721363693,Jailyn Krista Reilly Sr.,"Saint Helena, Ascension and Tristan da Cunha",618-958-9436,nikko@osinski.ca
1489643725,Eloisa Kuhlman,Finland,1-974-911-8333 x43710,janet.grant@auer.com
1902760204,Aleen Keebler,Thailand,328-376-4430 x4896,cleo@feil.us
531356133,Marian Leffler,Côte d'Ivoire,103-872-8544,luigi@konopelskioreilly.ca
1767666677,Cydney Dickinson,Bosnia and Herzegovina,(865)310-2176 x8463,sebastian@rice.ca
1865201588,Mckenzie Sawayn,Niue,(023)881-1451,jordan_casper@williamsonokuneva.us
198331866,Miss Melyna Narciso Berge IV,Estonia,910-500-4826 x59339,amira_dubuque@doyle.co.uk
1012641270,Prof. Sydni Christop Morar MD,Bahamas,(803)734-6708 x3482,felipa@hilll.ca
13166179,Mr. Holly Rogahn,Guernsey,(537)199-5445 x4056,flavie.hettinger@vandervort.us
1973968964,Mr. Aiyana Rita McClure V,Haiti,1-808-728-4786,linda@greenfelder.co.uk
1524614820,Elmer Satterfield,Singapore,1-233-377-1448,aryanna@dickens.us
192172620,Mrs. Marlen Tate Emard,Qatar,1-751-383-4874,greyson@labadie.ca
1766505879,Brianne Tromp,Sao Tome and Principe,309.751.1136,trey.wehner@boscoherman.co.uk
419695010,Eusebio Cristian Hickle IV,Mauritania,1-543-170-9759 x8578,tanner@torp.co.uk
1977952821,Miss Brandon Jewell Kuhic DDS,Gabon,663-339-3018 x695,eduardo@wiegand.biz
172585334,Prof. Royce Cormier MD,Pakistan,(021)646-4830 x83036,kelsie_hackett@windler.info
2062703099,Miss Letitia Elijah Haag Sr.,Mexico,834-854-1055 x352,noah@ohara.com
175547849,Jazmyne Murray PhD,Sweden,1-484-626-6661 x0410,rusty@rempel.uk
284443776,Ms. Watson Gabriel Russel III,Guinea,1-439-165-4661,kamryn@buckridge.name
1072021461,Prof. Jerald Durgan,Bhutan,080-190-9288,viola@watersgleason.us
1351664907,Dr. Bud Hickle DVM,Central African Republic,1-243-304-0187,jamil@hilpert.com
1850283606,Dr. Winona Doyle,Cocos (Keeling) Islands,602.607.9838 x887,ebba.hyatt@hermann.us
1703463752,Layne Christiansen,Lao People's Democratic Republic,732-433-9017 x5661,anastacio.waelchi@becker.ca
619583086,Aaliyah Sauer,Bulgaria,(967)007-3003,madelyn@kreigerrau.info
1381996179,Ayana Hansen,Russian Federation,735.833.3677 x916,kira@quitzon.com
304135027,Fredy Dare,Svalbard and Jan Mayen,357-670-2340,macy@rutherford.co.uk
1597872419,Jaren Herzog,Chad,989-549-4200,lessie.rogahn@kreigerrenner.com
1292604784,Sarina Greenholt,Lebanon,267.530.8100,amely@medhurstquigley.name
1456258855,Chaim Barton,United Arab Emirates,102.786.1399 x127,justice.towne@doyle.co.uk
1076216823,Mr. Elvera Eva Cummings Jr.,"Virgin Islands, U.S.",429.421.9826,stanford@cummerata.biz
414935109,Gerard Esmeralda Goodwin DVM,Western Sahara,1-620-892-1741,macie@rau.name
1921666464,Chadrick Jewel Hayes II,Holy See (Vatican City State),900-511-4195 x6116,dwight_heller@greenfelder.us
940396376,Forrest Tillman,Tonga,(427)560-0287 x5371,rahsaan.jacobi@rogahnlubowitz.biz
1567390073,Theresia Morissette Jr.,Liberia,311-594-8040,narciso_heidenreich@muellerkunde.com
1661293675,Mrs. Patricia Hoyt Franecki Sr.,French Guiana,1-055-940-0829 x9782,michale@collier.co.uk
2003235222,Mr. Kimberly Janessa Baumbach,Bhutan,1-643-313-4459,abbigail.schmitt@gorczany.name
1219356350,Miss Tanya Lubowitz Sr.,Croatia,1-064-019-8346 x16849,kaley@kiehnmorar.info
1991228539,Dr. Emie Eugenia Green,Monaco,(704)235-3297 x43696,cecilia_beahan@rempel.biz
1088933116,Laurence Shanahan,Bhutan,013-909-1170 x91122,margot.steuber@ankundingspinka.co.uk
1048620841,Ms. Cyrus Weber DDS,Svalbard and Jan Mayen,(661)464-2106 x1741,noel.harvey@hermiston.uk
1050313741,Dr. Loyal Rippin,Denmark,052-179-7073,krystal@bartell.biz
1961949944,Dr. Elaina Orion Green,Bangladesh,1-329-316-4020,meda.fahey@bahringerkozey.com
1520755454,Abdiel Mosciski,Greece,1-386-153-5876 x4834,ashly@bayer.name
1210413526,Ms. Lauryn Gleason DVM,Bermuda,1-167-170-9107 x72596,eino@paucekfranecki.co.uk
2118110505,Pascale Goldner,Somalia,(447)232-2413,josianne.davis@tremblaynitzsche.ca
598608962,Mr. Porter Broderick Windler,British Indian Ocean Territory,760-951-2102 x023,shaylee@kuphal.info
1739275758,Miss Sarai Roy Mitchell MD,"Taiwan, Province of China",998.070.2362 x648,maiya.jacobs@gutkowskiullrich.name
1046263521,Mrs. Brooklyn Kulas,Niger,089.447.1049 x6709,dwight_lang@olson.uk
2085204816,Alanna Bartoletti,Greenland,(554)625-5833 x792,alfred.windler@quigley.ca
1371222594,Elvie Walker,Slovenia,(634)955-9620 x9224,ryleigh.mante@hermiston.biz
621343634,Dereck Yundt IV,Western Sahara,597-789-4747 x28263,lorenz.schaefer@graham.name
324991739,Brittany Labadie,Cuba,(604)093-2630,jane.johnson@kirlin.ca
768331317,Francesco Flatley,Bouvet Island,496-822-6591,virgil.hartmann@hane.co.uk
925229106,Zita McKenzie,Latvia,1-534-005-2821,makenna_bechtelar@kling.com
178499178,Prof. Keeley Courtney Kilback,Jersey,427-606-7233 x87754,gay@shields.us
1648196595,Haleigh Farrell,India,1-443-674-2557 x401,mallie_johns@rippin.co.uk
86115647,Mr. Leann Quitzon DVM,Switzerland,869-335-0783 x0834,janick@lind.us
1624912937,Erling Greenfelder,Gabon,(946)624-1702,noemie_douglas@gutkowskidaniel.name
2018281968,Mr. Hallie Gretchen Von MD,Ethiopia,(065)216-6441 x903,allan@lind.biz
127656574,Shawna Larson,Philippines,1-857-316-8095 x107,kaya_green@hansenheathcote.uk
975372773,Ms. Jermey Runte Sr.,Northern Mariana Islands,427.952.3160 x793,eleanore_heathcote@osinskikeeling.com
2029746594,Ms. Junius Ronny Bartoletti,Bangladesh,327.807.9504 x1465,bella.cummings@kihn.co.uk
1282370824,Carolyn Kuhlman,Guernsey,091.884.5688,kole.hyatt@king.co.uk
704924503,Hailey Erick Schoen V,Montserrat,(060)638-4663,eula@corwin.uk
1680677792,Katarina Okuneva,Slovenia,(073)669-5464 x340,roselyn@eichmann.co.uk
1267688679,Luna Koepp,Bahamas,(184)086-9914 x394,hans@robertsstark.co.uk
670022213,Curt Cummings,Saint Kitts and Nevis,779-920-1017 x94097,candace.legros@yostbarton.info
1622683182,Nola Friesen,Bahrain,523.659.0865,ellen@barrows.info
145870563,Miss Eugene Kunde V,Panama,458.387.7921,cornell.adams@runolfsdottirbradtke.us
709720369,Mrs. Tyson Lockman IV,Curaçao,1-972-329-4677,evie.schaden@hand.uk
782832437,Blake Rosenbaum,"Virgin Islands, U.S.",(179)948-1717 x12263,adolfo.pollich@gerholdshields.us
1048697956,Keshawn Welch,France,1-664-116-0859 x22529,hiram@sipes.name
1335992703,Josh Trantow,Åland Islands,339.543.8490 x244,dagmar_bednar@jacobson.uk
700066137,Adrianna Pagac Jr.,Niger,006.804.4447 x23493,kevin.pfannerstill@wisozk.name
1428331830,Kathryne Wilderman,Peru,(585)049-1737 x26567,tremayne_skiles@blick.co.uk
1583968557,Linnie Lorena Ledner DDS,Myanmar,985.310.2004,melody@hartmann.info
1746989074,Hilda Harris,Turks and Caicos Islands,(138)376-2877,vernon@friesenfunk.biz
383809026,Lane Wisoky,Mauritania,1-947-884-3816 x665,kayden.nolan@labadie.us
1364481893,Jada Parisian,Tunisia,(336)701-5018 x8399,mathew_kirlin@donnellylehner.us
1905543560,Kathryn Mosciski PhD,Bermuda,454-351-4187 x3222,magdalena@rauchamplin.name
1773098928,Delia Herman,Suriname,076-623-7957 x8324,ivah@considine.com
1669820663,Richie Daniel,Portugal,(476)110-8313 x687,ova_schmeler@gorczanyhand.co.uk
1528192429,Jarred Herzog,Saint Pierre and Miquelon,362.932.8794 x33308,adam@orn.ca
1290057793,Tressa Schoen,Belgium,(920)886-7978,elisha@bartoletti.biz
271058282,Athena Hansen,Guadeloupe,(965)372-1484,marquise.wiegand@johnston.biz
103424499,Dr. Andy Sipes PhD,Iceland,040.804.6397 x93226,lavon_krajcik@orn.name
1217557245,Prof. Brooks Zemlak,Greece,1-253-830-2926 x319,cali.reinger@cormierernser.uk
39578264,Rodger Halvorson,Svalbard and Jan Mayen,071.174.9891,samir@feeneyhermiston.com
1127131926,Ms. Leilani Jamey Littel PhD,Botswana,1-912-106-6763,reynold@mcdermott.co.uk
371892886,Terry Simonis,"Bonaire, Sint Eustatius and Saba",(787)704-3655 x22877,felicity@fisher.ca
968457486,Mrs. Howell Brionna Hilpert,Bouvet Island,1-312-530-6835,jane@raynor.us
451292964,Kennith Larkin,Tunisia,271-432-0181,donnell.bashirian@roobhand.us
708031401,Wava Leuschke,Armenia,949-030-1005 x824,bernhard_green@donnellyhudson.name
1278096898,Dr. Margaretta Adell Dach,Monaco,402.500.5226 x9018,pearl@dooley.info
258753967,Dr. Caesar Koelpin,Armenia,1-994-272-2754 x5563,sabryna@cummings.info
957747563,Brandon Hickle PhD,Belgium,262.803.9869 x1705,lorenza_rodriguez@anderson.co.uk
116474745,Gretchen Carroll,Brazil,765.704.8367 x22233,rossie@farrell.ca
1777112015,Ms. Harold Hilario Schmidt,Finland,1-147-019-8777 x3609,hank.gorczany@kleinwest.name
725864468,Olaf Schmidt,"Bolivia, Plurinational State of",084.368.5379,ralph@brakus.co.uk
1108634264,Prof. Lauren Grimes III,Mexico,(691)408-7362 x60058,gay@bernierkulas.uk
481097231,Mazie Casper,Mauritius,(554)481-1223,morris_ryan@fay.biz
1254764383,Prof. Hilma Rahul Upton,Italy,1-463-147-3266,eryn.rosenbaum@friesenmitchell.ca
534955289,Mr. Ellen Jesus Cummerata,Lebanon,1-881-221-7809,esteban_runolfsdottir@kautzerdickens.co.uk
327798870,Ms. Simone Osinski,Morocco,646.270.1782 x57089,riley_schneider@satterfield.us
1131291430,Earnest Jacobi,Costa Rica,305.288.1731 x592,torrance.ruecker@harvey.us
440016958,Brendan Pfannerstill,Spain,228-390-5435,jonathan@mclaughlin.info
2024378049,Miss Hortense Schamberger PhD,New Zealand,1-263-163-3155 x5185,natalia@cummeratakuhn.uk
643942572,Maximillia Leffler II,Azerbaijan,(004)486-2932,karley.cummings@willms.uk
438217746,Kendra Keeling,Cayman Islands,413.304.4602 x429,ole@willmsfarrell.uk
1333940112,Barrett Weber Jr.,Mali,1-106-975-9045 x8219,chelsea@metz.name
1748853310,Kimberly Kuhic,Italy,(127)030-1843,erik@willmstorp.co.uk
1526875133,Godfrey Toy,Brunei Darussalam,1-812-446-7724 x4554,dell_gottlieb@wuckert.ca
1348322199,Ivah Barrows PhD,Lithuania,256.892.0998 x363,tobin@warderdman.biz
1631845959,Octavia Sawayn II,French Southern Territories,(127)019-8392,kaden@beattycarroll.com
617857731,Mr. Toy Wolff Sr.,Ecuador,499.181.5920,stephany_witting@weissnat.name
1383440906,Chasity Robel,Morocco,744-241-0087,gunner@will.com
232352619,Percy Jakubowski,Antigua and Barbuda,789.235.6476 x33382,willard_cronin@herzog.uk
1370158550,Dr. Selina Altenwerth,Syrian Arab Republic,1-331-347-8065 x164,edd_witting@abshire.com
2105319793,Delaney Kessler,Mauritius,735.689.5071,emerald@toy.co.uk
24517049,Dr. Sherman Itzel Schuppe MD,Sri Lanka,(917)533-3293,adrien@deckow.co.uk
1413541157,Danny Lueilwitz,Oman,325-127-8692,joe@mayer.info
1376082704,Dr. Rodrigo Chaim Padberg,Switzerland,(895)957-0123 x2171,arvilla.friesen@hodkiewicz.us
1471506319,Gene Kuhlman,Germany,560.259.0618 x47030,daija.jewess@walkerblanda.co.uk
1797563508,Dante Volkman,"Virgin Islands, U.S.",068-959-1131,kyle@armstrong.ca
260439399,Nils Mueller,Iceland,114-418-9077 x576,marc@rogahn.info
1938865486,Ms. Priscilla Rogahn DDS,Greenland,(293)308-4733,mohammad.kris@gusikowskijerde.com
579001217,Cecelia Predovic,Somalia,1-202-944-6375,dorthy@gibsonthompson.ca
165054421,Mrs. Parker Deontae Jakubowski MD,Niger,667.873.2550 x2096,darion.mann@gaylord.com
1285606217,Ms. Baylee Mayra Thiel Jr.,Tajikistan,(620)210-2724,rae@wardschmeler.biz
1585826296,Dolly Sylvester Bogan II,Thailand,(486)383-3301,randall@jenkins.biz
540316473,Miss Jakayla Adolfo Hessel DDS,Paraguay,(693)642-3960 x0921,jairo@murazik.com
526839715,Boris Funk,Isle of Man,906.042.7229 x74212,roselyn.nolan@stiedemann.name
1073629993,Taylor Howell,Falkland Islands (Malvinas),(851)508-6800,katrina_effertz@gerlach.name
1192323962,Broderick Crona,Papua New Guinea,1-583-530-6457,natasha@hettinger.co.uk
1827568159,Assunta Reece Connelly I,Lao People's Democratic Republic,257.247.5501 x38824,elyse.hahn@veum.name
2057292736,Maurine Malinda Davis Sr.,Saint Kitts and Nevis,(398)056-9892 x816,jackie@maggio.info
647929077,Mr. Vladimir Lemke MD,Saint Martin (French part),855.772.9410,heather_ohara@graham.uk
1719331830,Heloise Blanda,Greenland,452-542-2062 x28970,stanton_luettgen@kerluke.info
1526660487,Selena Schulist,Rwanda,(015)069-9800 x4789,madelynn@grimeskulas.uk
1413618475,Eleazar Conroy,Netherlands,565.040.8256 x309,icie@erdman.name
1669099081,Ima Abbott,Curaçao,542-131-7774 x340,hope_little@breitenberg.ca
1995690148,Genoveva Considine II,Tajikistan,887-620-5689 x4477,jerald_bednar@carter.uk
1321020481,Jevon Gerhold Sr.,Comoros,1-529-267-4640 x40062,missouri.lebsack@cassingrant.co.uk
1215283034,Bennett Towne,Syrian Arab Republic,(916)928-5081,manuel@watsica.com
668848775,Warren Hintz,Côte d'Ivoire,118.450.5019,penelope@monahanmacejkovic.ca
1764758147,Clemmie Pfannerstill,Panama,375.405.8482 x48647,jordi@bashirian.us
1416575376,Tracy Johnston,Ghana,1-935-860-6405,ismael@bradtkerogahn.us
323228588,Dr. Jacky Johnpaul Nolan,"Macedonia, the Former Yugoslav Republic of",244.941.7198 x413,hettie_zulauf@ebert.ca
10938568,Anabelle Dickinson,Sierra Leone,(889)031-1045,jameson.russel@homenickwalker.uk
765432289,Edwin Hope Goodwin Jr.,Palau,878-407-9251 x0623,aletha.fay@whitecorwin.com
33729945,Makenna Turcotte,Indonesia,692-122-4626 x094,audrey_jaskolski@abshire.biz
1161838640,Brent Bartoletti,Gabon,453.694.3328,kobe.mcglynn@bergstrom.us
157623157,Ms. Aurelio Koch,Montenegro,017.914.3031 x743,kamille@lebsack.name
1570007382,Nellie Ayden Roberts DDS,Paraguay,278.833.3915,peyton@mccullough.com
887644888,Joany Deckow,Guyana,736-529-9951 x806,trudie@schowalter.biz
554984302,Pete O'Conner,Turks and Caicos Islands,229-355-8118,mary@abshirehills.uk
1022373785,Jason Effertz,Spain,842.434.9081,orrin@heaney.ca
2084108524,Prof. Dudley Rosalia Willms,Somalia,921.172.9681 x38345,gladys_murray@adamsprohaska.us
1343307307,Jayson Cruickshank,Philippines,(198)179-3730 x2020,alanis@emard.ca
547420006,Armand O'Connell,Puerto Rico,(719)096-9873,rowena@schmitt.info
1755276957,Naomie Zboncak,Oman,(490)947-7383,gudrun@gutkowski.info
70242120,Dr. Ronny VonRueden,Denmark,1-603-707-2844 x100,marion_glover@gleasonoconnell.co.uk
918667646,Berniece Kirlin,Argentina,012-457-8651,emanuel@haneerdman.info
467625523,Quentin Gottlieb,Djibouti,1-840-595-7346 x7473,regan@harber.co.uk
747451487,Heber Kub,United States,800.182.6647 x541,oleta@prohaska.us
952037835,Elbert Wehner Jr.,French Southern Territories,(801)870-0045,stella@faygreenholt.name
519253296,Everette Crist,Iraq,(691)826-4621 x047,carlie.bogan@blandalittel.co.uk
1057719574,Chyna Hane,Malawi,524-140-6687 x63020,jessie@gloverlemke.biz
819823373,King Dietrich,Morocco,(059)106-7218,gavin@bashirian.name
1511517909,Judd Langworth,Honduras,795.848.3106 x850,quinten@durgan.biz
548510354,Milo Julia Nitzsche PhD,Northern Mariana Islands,745-835-7179,georgianna@crooksmcclure.uk
1980904142,Dora Jacobson,Guernsey,1-660-152-6919 x9083,emmie@mcglynn.us
329489019,Miss Norwood Ritchie PhD,India,1-360-865-1413 x31803,dora.okeefe@nicolas.info
1807125967,Myrtis Huel,Australia,(447)713-8442,alivia@johnston.uk
1891789327,Else Ledner,Anguilla,(573)271-6087 x3768,adriana.breitenberg@brownkuhlman.us
1336591492,Mrs. Casper Donnelly Jr.,Andorra,(639)031-6365 x667,pearlie_jacobson@bayer.info
799188637,Dr. Isabelle O'Kon MD,Heard Island and McDonald Islands,201-448-6721,eda@emard.us
281226233,Dr. Verona Kirlin DDS,Svalbard and Jan Mayen,(418)508-9288 x216,jalen@armstronglabadie.ca
743856709,Cali Gorczany,United Arab Emirates,1-031-619-9055 x13490,dante@fay.us
2065906663,Carolanne Ernser,"Taiwan, Province of China",642-200-1250,alyce@schoengottlieb.uk
1296494285,Will Adams,Bouvet Island,849-257-6435 x104,eda@hickle.co.uk
1229586699,Carson Morar,Malta,(057)313-3514 x4905,adriana.batz@wunsch.ca
535446003,Caitlyn Jacobson,New Caledonia,087.079.8696 x73873,marcelo_walter@wuckertkassulke.info
623483583,Rupert Rolfson,Fiji,002.862.7348,logan@rowe.biz
1847583026,Prof. Perry Gardner Simonis,Sweden,1-860-325-8878 x377,clara@bayerdooley.biz
221628147,Soledad Fisher,Holy See (Vatican City State),1-569-031-4746 x0182,dora.ortiz@roob.com
701532266,Noemie Glover,Cambodia,694-234-6535,demarcus.padberg@walter.uk
301535093,Miss Howell Jerde DVM,United Kingdom,908.137.5913,roman_walter@borer.biz
2085511929,Robbie Larkin,Turkmenistan,(593)266-5761 x9190,jennifer_mosciski@hickleklein.com
461417211,Juvenal Roberts,Cuba,(082)309-9243,garnett@wiza.ca
1164771702,Corine Eichmann,Canada,450-684-1535,narciso_jakubowski@lueilwitzmiller.info
1086603703,Ms. Jermey Lisandro Kilback DVM,Martinique,(406)060-3233,simone@crona.biz
1772940513,Janessa Schroeder,Maldives,719.086.2956 x304,mafalda_ruecker@smitham.uk
422717636,Glennie Brown,Portugal,1-202-755-2408 x9299,monserrat@zieme.co.uk
394432054,Cornelius Langosh,Montserrat,(724)074-3285 x8368,travis_abernathy@krajcik.name
420618168,Olga Glover,Australia,042.981.3669,abbigail.kemmer@west.biz
894316266,Wilber Graham,Bahamas,(994)803-1349,ari.huels@crooksmonahan.ca
639138966,Gust Hahn,Hong Kong,690.132.0453 x797,kaci@gusikowski.info
2086226409,Amie Hoppe,Mozambique,209-409-7322 x674,ezra@lubowitz.us
840524984,Spencer Murray,Turks and Caicos Islands,758-619-7089 x3872,sam_dickens@wuckertbashirian.biz
1395646671,Mrs. Alvera Bashirian,France,1-726-303-6442,jodie.sauer@kuphal.uk
676622954,Jacey Keeling,Iceland,741.223.0326,darrion@emmerich.ca
2054624740,Prof. Conor Beahan,Bahamas,1-153-032-9097 x034,amira.mohr@homenickdibbert.name
906702001,Maud Aric Bruen PhD,Mexico,(058)527-5693 x832,rubie_kuhn@wilderman.uk
1048132479,Albina Franecki,Croatia,(850)679-8266,andreanne@willbins.biz
685004784,Ahmed Buckridge,Colombia,561.452.7993 x79257,lottie@farrellrosenbaum.info
1299256724,Rylee Randy Wiegand Jr.,Martinique,610-189-1899 x142,lindsay@lehner.co.uk
23027882,Jaylon Goodwin,"Iran, Islamic Republic of",709.327.4364 x70910,mellie_denesik@ryan.info
709718652,Carlos Kautzer,Kazakhstan,1-108-252-1965 x5729,ike.connelly@kshlerinlind.info
1207739989,Mr. Tara Conor Satterfield PhD,Anguilla,1-758-482-3107,devon@barrows.ca
961013744,Giovanna Cristian Nicolas Sr.,Sao Tome and Principe,1-041-150-9809,rick@mcdermott.ca
552980601,Heather Hayes V,Vanuatu,(647)751-6962,rosendo@stehrmohr.com
377755296,Garrick Jast,Panama,(025)249-4989,jaiden@stokes.co.uk
1058305082,Heloise McDermott,Bahamas,(509)680-1892,yolanda_walter@stoltenbergdoyle.uk
1383045460,Hailey Treutel,Heard Island and McDonald Islands,1-528-672-0026 x67694,skye@cronin.info
1108480972,Mrs. Savanna Lucienne Pollich I,Nicaragua,1-835-911-4081 x19394,pamela@lakinhahn.us
746529292,Mrs. Elwyn Kreiger,Eritrea,(432)504-5724 x80301,hulda_schowalter@wisozkpredovic.ca
277068538,Aileen Cormier DVM,Nauru,782-116-5157 x75956,demario_brown@hagenes.us
865818758,Mrs. Gladyce Keebler,Jamaica,1-293-847-7562,hailie_walter@hilpert.biz
516833642,Dr. Esta Koss,Philippines,1-510-831-7426 x877,eriberto@howe.us
1435272121,Jay Hermann,Viet Nam,1-830-697-9849 x671,garrick@willmsolson.name
1897590552,Wiley Kohler,Honduras,(355)259-3673,sedrick@dubuque.ca
1773198539,Jazmyne Hayes,Philippines,1-300-034-6362 x82267,corene_konopelski@baumbach.co.uk
915867874,Lorine Marks,Zambia,937.992.0350 x41337,jaylen@denesikbrakus.com
1813164456,Abbey Beahan,Canada,1-446-574-2733 x500,elinor@damore.info
378428498,Stefanie Christiansen,Kiribati,714-349-1366 x242,myrtis.cummerata@bartell.name
868653922,Ferne Zulauf PhD,Cayman Islands,267-566-5711,norwood.hilpert@littel.name
1221894880,Coy Lesch,Egypt,1-456-978-0907 x0627,dawn.nicolas@ziemann.com
907048103,Alan Rippin,Jersey,382-789-2692 x9394,shanna@bednar.co.uk
2078678216,Maxime Doyle,Syrian Arab Republic,1-979-733-3818,carlotta@waelchi.co.uk
1713072816,Golda Ullrich,Sweden,(256)956-3227 x3930,randall@koch.us
338798154,Hiram Crona,Mongolia,(067)719-1008 x716,precious@gerlach.uk
342235161,Prof. Hailie Crooks I,"Saint Helena, Ascension and Tristan da Cunha",488-601-3726 x5821,tianna_dicki@rempellakin.com
1806295168,Ms. Olen Vida Bartoletti,Malawi,(929)801-9019 x9457,jovanny@hayes.co.uk
1721507039,Mrs. Fermin Jayden Mills,Aruba,(798)179-6335 x902,maia_trantow@mosciski.uk
1657771854,Mr. Nona Angelo Kunze IV,Mozambique,1-265-534-5199 x774,lacy@keebler.co.uk
166757125,Prof. Elfrieda Sporer,Bhutan,(431)916-7181,zula@hegmann.biz
1832036071,Lavada Bahringer,Madagascar,038.349.2481,quincy_schiller@murray.com
1918592575,Bria Herman,Aruba,(380)649-0604,alia@franeckihirthe.ca
753976986,Mrs. Dorothea Hansen,French Southern Territories,1-670-447-2278 x558,rhoda_mills@jaskolski.us
1616665911,Dr. Lyric Alexys Daugherty Jr.,Seychelles,643.048.2727 x957,wilfrid@roobyundt.com
244480199,Mr. Issac Shyann Russel,"Virgin Islands, British",(273)118-3502,fidel@bauch.uk
1341192665,Miss Louvenia Delbert Kub,Marshall Islands,497.133.4487 x45034,vincent_veum@upton.info
106910356,Kailey Chaz Kemmer V,Zambia,062.774.1328 x257,oran_douglas@pagac.com
925623220,Keeley Veum,Namibia,905.421.0366,zaria@collier.co.uk
973177461,Jewel Hayes,Mauritius,1-238-559-4845 x697,annamae@pricedibbert.com
1853553012,Raoul Rolfson,Qatar,1-198-901-7711 x0542,kristopher@gleasondamore.uk
286712167,Josefina Bessie Stiedemann MD,Thailand,1-956-654-6412,miller@towne.co.uk
1363646554,Narciso Satterfield DVM,New Caledonia,1-424-838-1957 x9199,rhett@rath.name
218315305,Dr. Billie Reynolds I,Denmark,(065)399-2379,alan_auer@dooley.name
850915601,Jaclyn Ziemann Sr.,Malaysia,684.206.2784,lewis@hills.info
1934150878,Nia Marquardt,Kenya,857.347.1270,kevon.turcotte@hettinger.name
18588397,Prof. Jesse Fay,Tajikistan,1-596-696-6962 x02166,libby@nienow.com
32142072,Quinten Hartmann,Djibouti,1-228-253-2979,kaylin@gorczany.name
291254770,Dusty Kuhn,Tokelau,(784)268-4341,piper@klockojacobson.us
1695580370,Mrs. Conner Lowe,South Georgia and the South Sandwich Islands,(923)173-3547,adrianna@nicolas.us
1946975410,Devan Rolfson,Georgia,621.140.5182 x94054,kiarra_spencer@terry.ca
615521300,Daija Beer,Papua New Guinea,255.007.1066,julius@dickinsonbednar.co.uk
51220874,Sven Senger,Turkmenistan,1-892-353-1267 x8709,chanelle@rueckerwilliamson.biz
272163501,Meda Rohan,Algeria,840-471-5374,caesar.zemlak@connbarrows.us
2053646641,Ruby Oberbrunner,New Zealand,522-685-4515,mireya@schmittmitchell.uk
1652313442,Rhea Nikolaus,Marshall Islands,1-731-209-6976 x09418,shea_yost@mclaughlin.ca
437100310,Gia Effertz,Central African Republic,(296)117-2347,shea_dickinson@bartellrath.info
476223104,Mr. Constance Hauck Jr.,Cyprus,1-847-775-7622,name@wyman.ca
1849996662,Dr. Daphne Purdy,Mongolia,(772)742-6662 x088,javon@orn.us
1337647693,Mrs. Marjolaine Calista Kovacek III,Heard Island and McDonald Islands,(567)172-3462,jayda@koepp.biz
1501993925,Rosa Watsica,Senegal,1-642-174-7729 x87301,montana@lind.us
724525319,Alvina Weissnat,Uzbekistan,413.984.9173,danielle.gibson@ratke.co.uk
300772393,Garret Beatty,Costa Rica,1-971-887-8407,roger@weissnatmuller.co.uk
1125260141,Alanna Bradtke,United States,1-597-943-1461 x970,carli.cruickshank@rice.us
1051883742,Josephine Marianna White Jr.,Solomon Islands,498-168-2593 x537,arnold@runte.uk
761357910,Brigitte Little,Eritrea,319.807.4114 x63285,thea@legros.com
370821665,Mrs. Rebekah Coleman Rosenbaum IV,Bahrain,1-069-951-7935 x358,harvey_wunsch@damore.co.uk
1723992537,Madilyn Beahan,French Polynesia,498-413-5513 x0784,jacynthe_turner@schroeder.name
773086934,Miss Robyn Lind PhD,Heard Island and McDonald Islands,063-420-0669,garrett_kuhic@gottlieb.biz
1626788704,Prof. Salvador Araceli Goyette III,Sweden,911-650-8880,pablo.block@medhurst.biz
163209531,Prof. Moses Josephine Conn Sr.,Benin,(572)844-9371 x943,bethany_schmeler@dachschaefer.us
2142398374,Alphonso Ward,Togo,1-034-297-7966 x0953,brice.cruickshank@schmeler.com
1395237482,Kristy Beier,Poland,169.920.0443 x36535,florencio@cummerata.info
214033336,Miss Ted Flatley DVM,South Africa,251.202.5001,parker@kunzeturner.uk
532257844,Fannie Braun,Guinea,709-509-3215 x324,harrison@effertz.info
1820005367,Shyann Emmerich,Togo,1-769-953-7993,jimmy_wiza@johnsauer.us
1830245736,Katlyn Schimmel,Greece,(504)090-8286,daryl@carter.name
1647506319,Estell Bode,Isle of Man,(235)259-3425,dovie@jerde.uk
775482998,Mr. Fausto Rhoda Considine,Kazakhstan,(357)813-1478,irma_greenfelder@lesch.biz
1039611186,Geovanni Schuppe,Ethiopia,331.154.6865 x55357,lisette_schamberger@schuppecollier.com
2017032597,Harrison Kutch,Thailand,601.459.9426,gianni.west@cartwrightmiller.name
556786874,Clark Dickinson,Armenia,821-437-4246 x188,jalyn_rice@oreillydavis.co.uk
1503642579,Lilly Rohan,Viet Nam,659.206.2619,silas@wuckertferry.ca
1783624259,Leila Boehm,Brazil,(451)716-9723,timmy_hauck@cole.com
1523442634,Izaiah Wolff III,Rwanda,(321)002-1130,clair.thompson@lynchreichert.ca
1648189269,Frances Collier,Mayotte,1-721-461-9332,kariane@fisher.name
92805395,Leila Corwin,Azerbaijan,(340)532-7197 x9996,gaetano@dubuque.ca
91990638,Prof. Lilliana Mossie Heaney II,Cayman Islands,212.598.2618,clotilde@hackettrosenbaum.com
1494137400,Aurelia Braun,Algeria,1-966-700-2686 x7840,seth@hamill.com
1033788902,Dominic Hickle,Martinique,322-496-0686 x948,filiberto_witting@roobdurgan.us
2144107474,Ms. Johanna Daren Luettgen,Grenada,979.131.7654 x1531,elsa_stehr@willms.biz
710388937,Ross Haag DDS,Fiji,1-611-946-8635,tom@oconnellmueller.info
1852268561,Estefania Grayson Roob DVM,New Zealand,1-193-117-9783,major.tromp@ullrich.biz
229278083,Prof. Eugene Nicolas,Wallis and Futuna,(629)198-8600,serena@paucekpollich.ca
2005080554,Prof. Lilla Darian Quitzon DDS,Kyrgyzstan,(395)401-5732,ella@bauch.us
769519936,Mr. Ernestine Aida Nolan MD,Uruguay,(587)767-1726 x1478,wilma@harriscassin.ca
1084221094,Dr. Jolie Boyle MD,Saint Barthélemy,1-883-200-2524,stephan_johnson@kunde.biz
1395326711,Vita Emilia Langworth V,Guyana,076.031.2187 x362,dakota@predovic.info
2017995055,Dr. Meagan Erdman,Niger,213-607-0978 x395,kris.mohr@herzogschroeder.uk
670493706,Miss Westley Frami,Zambia,271-796-2101 x571,annamae@champlin.biz
1667207023,Allene Bergstrom,Niger,1-710-753-4949,arvel@sporerzulauf.co.uk
1383354164,Jefferey Mraz,Congo,1-932-420-9123 x34956,allene@crist.ca
1532035692,Zoe Jewess,"Congo, the Democratic Republic of the",134.546.8279 x6623,fred@hoppe.uk
1482088560,Clotilde Zulauf,"Macedonia, the Former Yugoslav Republic of",1-774-316-7307 x43258,daisy_kuhlman@schiller.com
358070913,Mr. Janet Torphy,Thailand,(481)749-2926 x43378,adam@mckenzie.biz
576682181,Lenny Einar Ondricka II,New Caledonia,089.180.8541,veronica.schimmel@hagenes.co.uk
334277190,Prof. Martin Will Keebler,Djibouti,(519)815-1707,madalyn@jaskolski.co.uk
1256727171,Dalton Grant,India,(569)255-8253,harmon@fay.name
1727635710,Savanna Stiedemann,Tuvalu,(335)594-4166 x18036,claudia@boyeranderson.biz
366720623,Prof. Karolann McCullough,Brazil,154-575-6752 x6463,alexis@jastokon.co.uk
1499723814,Mr. Berneice Kovacek I,Somalia,145-610-6311,kenyon_kuhic@baumbach.uk
722694523,Kaci Walsh,Algeria,1-002-284-8041,chadd.grady@jacobs.us
901587655,Ms. Ryder Huels Jr.,Angola,993.125.0751 x2056,berneice@hegmann.co.uk
381968324,Trevor Tiana Torp DDS,Kazakhstan,115-158-8094 x32341,harrison_hartmann@stamm.com
1820982334,Jade Rohan,Nigeria,737.256.0431,oswaldo.gutkowski@cronin.us
524538275,Zoey Jacobson,Guam,608-670-4318,claudine@harberweissnat.com
552902265,Consuelo Brakus I,Switzerland,381-072-6356,jaren@koss.ca
1769742103,Jenifer Wehner,Isle of Man,(862)608-2474 x158,rebeka@greenholt.uk
1626076493,Prof. Pablo Yundt MD,Switzerland,846.533.0608,ludie@rohan.com
1336102562,Maya Reynolds,El Salvador,(100)715-2023 x85104,royce.rice@hellerreichel.us
1355775240,Eleanore Wolff,Hong Kong,(438)580-4343 x2958,reuben_russel@barton.biz
1053111567,Vena Goyette,Germany,1-361-277-1213 x422,sadye@adamskihn.uk
95971841,Natalie Donnelly Jr.,Brazil,1-905-295-1844,stanton.flatley@feil.com
1296730717,Mr. Hertha Homenick II,Mauritania,(118)699-1014 x656,anne_fahey@grantoconner.info
1827528390,Amari Block,Netherlands,036.992.2726,malvina_aufderhar@batzlynch.us
68542116,Ms. Rosario Noemi Buckridge,Falkland Islands (Malvinas),(018)671-3886,gracie@kubswift.uk
657373530,Claudie Kautzer,Liberia,(934)305-6825,watson_gibson@sauer.co.uk
1116453517,Mr. Myrtice Gardner Hudson DDS,Nepal,1-543-225-3127 x77778,jaqueline@keeblergoyette.com
1441404779,Laury Ledner,Burkina Faso,(017)820-7136 x333,winona@wiegand.ca
1964672888,Beatrice Casper,Costa Rica,1-344-218-6964 x4745,beaulah@lehnermoen.us
1666459694,Miss Cade D'Amore II,Pitcairn,100.697.4863,judy_steuber@medhursthansen.name
1511214226,Abbey Earline Stracke I,Azerbaijan,438.029.5817,mohammad_frami@marvinkling.ca
660946442,Ned Lemke,Niger,835-403-4340,manley@lang.ca
1884210422,Miss Arden Savannah Hilpert,United Arab Emirates,135-772-3308 x02272,sunny@prohaskadouglas.com
423202107,Charles Leuschke,Germany,(348)929-6776,beverly@schneider.uk
548677472,Ms. Jamal Eriberto Klocko,British Indian Ocean Territory,986.370.4556 x6239,ova@goodwin.us
317588782,Dr. Karen Hickle MD,Spain,080.911.4123,deon_hoppe@kuphalkling.ca
394474918,Chase Kuhlman,Cocos (Keeling) Islands,1-984-109-4641 x2747,marquise.hand@cole.info
904356524,Miss Cesar Elinore Dicki MD,Gambia,276-293-3542 x841,dixie_gerhold@morissette.info
964447994,Delmer Aufderhar,Saint Barthélemy,758.634.8561,antonina@towne.uk
2027151075,Mr. Kristopher Henry Langosh,Gabon,085.928.3864 x814,jerrod_schiller@frami.name
889588003,Albin Bradtke Jr.,Uzbekistan,(675)499-4839 x1689,vella@grahamhoppe.biz
1907414070,Ms. Oleta Jamie Boyer,Viet Nam,(018)996-8429,alaina_beahan@naderfeest.co.uk
1221659600,Grayce Bahringer,Azerbaijan,287.162.0694 x580,hillary_kutch@haag.us
751339732,Wiley Wunsch,"Palestine, State of",833-424-8530 x3911,betsy.turcotte@hagenes.uk
1197556422,Miss Braden Nestor Mante Jr.,Singapore,933.350.8600 x80168,olga.goodwin@funk.name
1372663075,Cortney Champlin,Bosnia and Herzegovina,(928)247-8456,vergie@ullrich.info
169683019,Mrs. Adolfo Zachariah Kunze IV,Estonia,942.589.1517 x415,sherwood_donnelly@baumbach.com
1157222748,Ms. Francisco Dan Hammes V,Senegal,882.929.9024 x51606,darrell@hudsonkuphal.ca
1709164164,Veronica Odie Reynolds MD,Bermuda,246-991-5543,lysanne.morar@ortiz.ca
1084653623,Mr. Bartholome Terry,Puerto Rico,772.118.5443,floyd@ruecker.co.uk
859595262,Miss Alivia Mable Terry,American Samoa,(896)269-3811 x94074,myrtis@gaylord.ca
2093108788,Marisol Koelpin,Brazil,(707)061-0260 x520,anissa_kerluke@pfeffer.com
891264372,Miss Rod Jarret Armstrong,Russian Federation,219-053-1325 x42213,kevon@langosh.info
232587567,Ms. Valerie Wisoky DVM,Paraguay,1-980-618-1568,mandy_swaniawski@skiles.us
955562389,Rhea Schneider,Armenia,175-052-8069,milford@jacobi.co.uk
1606524488,David Fahey,Antigua and Barbuda,044-835-0109 x719,wava.durgan@nitzscheflatley.ca
127584257,Mrs. Asha Newton Lindgren PhD,Monaco,1-516-701-6916,kobe.koepp@bechtelaroconner.co.uk
511048615,Melody Dickens MD,Kenya,688.214.7691,brendan_waters@nikolaus.name
993595299,Afton Reinger,"Palestine, State of",175-652-3466,katelynn@ortizwest.com
813557578,Mr. Hilton Konopelski DVM,Burkina Faso,427.376.8892,allison@kunzemedhurst.name
2046419166,Fred Hessel,Cuba,1-696-036-2579,florencio_wolff@prohaska.ca
1505222428,Sanford Huel,Dominica,609.310.8601 x535,tyreek.okon@koelpinboyle.uk
1539931267,Jovany Kertzmann,Togo,1-241-593-5286 x78283,sherman@murazikmarks.info
232142221,Jeromy Shanahan,Argentina,1-329-806-4187,dovie.thompson@harber.uk
37886445,Forrest Cruickshank,Guyana,(709)549-2957 x599,antonietta@dubuqueberge.ca
917052013,Miss Alysa Grant DDS,Philippines,1-701-138-2257 x3450,josiah@stroman.biz
2003630027,Alejandrin Ari Orn MD,Jordan,747-645-9057,kiarra@denesikhand.info
501466398,Lessie Vandervort,Liechtenstein,138.243.1694 x289,casandra.romaguera@ratkemohr.co.uk
64261899,Michele Kris,Zimbabwe,059.154.9039 x409,salma@jerde.name
1813694277,Johathan Upton,Grenada,892.320.2546 x31274,khalid.pacocha@beierhayes.name
1182919564,Carmelo Weissnat,Bahrain,1-581-475-9866 x308,anjali_champlin@sipes.uk
1023890888,Lenna Bartoletti,Christmas Island,1-088-298-2302 x288,emilie@quigleykuhic.us
1347616586,Carolina Stiedemann IV,South Georgia and the South Sandwich Islands,776.505.9612,kraig@leannon.com
709416746,Alfred Dooley,Syrian Arab Republic,(973)601-2801,sincere@dickinsonbaumbach.name
516275034,Devan Heller,Tunisia,737-802-6477 x0293,enid.bogan@paucek.name
1109401363,Mr. Antonina Denis Cummerata Jr.,Somalia,1-993-782-6619 x041,joannie@monahanjakubowski.co.uk
305442777,Damian Kilback,Turkmenistan,256-130-2082 x393,hubert@trantowdibbert.co.uk
1193084915,Telly Padberg,"Bolivia, Plurinational State of",224-113-8166,alysson_kassulke@cruickshank.biz
288315501,Mr. Odessa Elliott Miller V,Slovenia,1-384-680-7331 x7063,alysa_powlowski@robertsbartoletti.co.uk
718902798,Sophia Diana Mayer PhD,Saint Martin (French part),(311)269-1140 x26271,amie_bosco@schaden.ca
1110176852,Adelia Williamson,Iceland,088-044-1722 x330,noelia.oreilly@johnson.name
1397920822,Guadalupe Larkin,Turkey,(129)331-5920 x826,rosendo_rutherford@lebsack.com
489457380,Breanna Runolfsson,Oman,924-437-4403 x2719,mavis_goldner@hauckcremin.uk
144890301,Priscilla Lehner,Mayotte,(196)420-5080 x1866,caleb.white@bode.us
908521520,Dr. Martina Isom McCullough,Lebanon,1-408-324-7012,leilani@veumbernhard.uk
49667341,Dr. Judd Schultz,Sudan,1-536-613-0271 x819,josianne.kutch@andersonoconner.name
1012814268,Virgie Krystel Stanton DDS,Tokelau,508-266-4750 x52234,alfreda@dickens.info
386118108,Ms. Earline Baron Carroll Sr.,Canada,(645)066-4910 x756,uriel@treutelrippin.name
915448284,Hulda Kub,"Moldova, Republic of",1-235-119-4373,claudine_padberg@colliermonahan.ca
964629258,Dr. Dorthy Ambrose Russel I,India,915.981.4570 x2756,veronica@torp.co.uk
1674199319,Mrs. Kaya Sibyl Muller,Tokelau,1-145-340-4219 x6102,gloria.breitenberg@vandervortlueilwitz.com
1893793153,Mr. Alek Coty Reinger,Afghanistan,754.023.1286 x915,cyrus@kuhic.com
1764126757,Miss Johann Westley Swaniawski,Djibouti,163.026.7660 x38463,reed.dickens@zboncak.us
109186511,Stephen Welch,Uganda,1-050-844-9929 x973,maurice@friesen.name
75039814,Jerad Douglas,Réunion,737.674.5070,travon@veum.us
399258254,Myah Stokes,Chad,354.685.5401,keith@mayert.com
1156006354,Jedediah Klocko,Cuba,481-422-1100 x360,deon_altenwerth@leffler.us
215002473,Lowell Murphy,French Guiana,261.457.8807,jesse@buckridge.uk
786722257,Mr. Salvatore Stamm,"Moldova, Republic of",1-577-874-2319 x935,brice@mcdermott.us
642776815,Gisselle Nakia Jacobson I,Armenia,(456)070-8837,dorian@schneider.biz
457692739,Shaylee Jakubowski,Turks and Caicos Islands,(055)956-7499 x32244,dorothy@kesslerblock.us
736462974,Mateo Johnston,Guyana,617.814.8110 x4063,terrill@dooley.name
1039656152,Cleta Nolan,Austria,1-719-360-9746,thomas_aufderhar@windler.co.uk
1060341086,Prof. Meda Gibson V,Ukraine,257.101.6766 x5834,kiara.hessel@jakubowski.ca
1347056787,Rosalia Spencer,Falkland Islands (Malvinas),1-491-176-0878 x149,harry_daniel@bradtke.us
629493840,Prof. Winfield O'Keefe,Eritrea,697.848.1762 x656,verna.hagenes@fisherschiller.name
677047350,Roger Ernser,French Southern Territories,803.880.4237,ulices_rau@dickens.ca
31754303,Nolan Wisoky,China,1-322-184-9614 x9843,mara_bauch@williamsonschumm.com
1195612550,Shawn Ondricka,Yemen,761.353.2150,dejon_labadie@harber.biz
1740495795,Mr. Amir Lera Ruecker,Estonia,635-079-1457 x13033,theo.johnston@stokes.info
1248966794,Ms. Pearline Aliza Braun PhD,French Polynesia,123.137.0334,pearlie@kemmer.co.uk
1595943699,Annette Rogahn,Egypt,183.328.3349 x1756,angeline@smithwuckert.biz
384917224,Ericka Laurine Kertzmann DDS,Yemen,1-435-322-2927,saige_oreilly@bartolettischowalter.info
2004052031,Elisabeth Ritchie V,Uzbekistan,668.634.2268 x74502,annabel@wunsch.ca
1262664007,Alberto Predovic MD,Equatorial Guinea,1-785-789-5882,sylvester@fahey.uk
698639288,Ms. Mabel McClure DVM,Cambodia,(134)569-4897 x30468,brett@schaden.co.uk
621702203,Norberto Feeney,Hong Kong,194.418.0248 x61892,mariah@rippin.info
321253465,Elvie Glover,Thailand,163-513-4200 x1780,sonia@jakubowskikshlerin.name
801857367,Kirk Davon O'Keefe III,Niger,975.691.4290 x53651,rebeca_bode@turcottebaumbach.us
2144068512,Elwyn Wisozk,Chile,1-466-893-6677 x3678,marcelle_johnston@schuster.biz
50098816,Mr. Amani Swaniawski MD,Mexico,288.787.2431 x63931,gregg@hanerutherford.co.uk
429154376,Tracy Wintheiser,Finland,(829)135-2633,zoie@torphy.co.uk
764986644,Favian Omari Rice II,Mauritius,1-862-896-4894,katlynn.schinner@keeblercummings.uk
1095832517,Darwin Wilkinson,Guam,(006)642-5868 x688,mafalda.blanda@sporer.co.uk
225490362,Louie Erdman,Central African Republic,(119)567-6047 x00073,margarette_anderson@ortiz.uk
1106931018,Leila Kling,Heard Island and McDonald Islands,(315)805-8059 x9423,michel_casper@stamm.biz
822809786,Prof. Arjun Sporer V,Ethiopia,(047)511-6715,dina@uptonlebsack.co.uk
1105426348,Morton Kemmer,Cambodia,817.372.4641 x533,salvador.bartell@russelnolan.ca
166456497,Deven Larkin,Algeria,(910)055-8253 x0778,abdullah@kuvalis.com
1711163721,Casimir Lueilwitz,Uzbekistan,1-813-725-2215 x345,garett_zemlak@oconnercruickshank.us
1558139828,Dr. Florence Eldon Jaskolski,Mayotte,1-936-684-7849,napoleon@schaeferstroman.us
1668885014,Bernard Pagac,Angola,(705)274-9082,bertha@davisterry.name
458042174,Stephania Koepp,Nicaragua,907-827-6162 x3353,adriel.reynolds@rauhilll.info
1161136098,Prof. Kamryn Melvin O'Keefe,Qatar,649.264.5380,josh@altenwerthblock.uk
974918391,Jocelyn Hagenes,Sweden,149.873.2355 x34925,natasha@auerjacobi.uk
581026438,Ms. Tiana Adrain Brown III,Nicaragua,(001)401-3277 x87415,deja@dubuque.uk
120347059,Jaquan Abernathy,Bosnia and Herzegovina,663.101.9254,carmine@okeefe.info
1296790831,Justina Bosco DDS,Turks and Caicos Islands,556.238.3743,dorian.jenkins@howell.ca
1174139689,Dr. Bert Franecki DVM,Botswana,523.280.1477,cleora_hyatt@davis.us
767246690,Rene Toni Luettgen DVM,"Iran, Islamic Republic of",102-549-6159,aiden.hickle@jenkins.us
485360923,Neva Ratke,Costa Rica,1-919-934-0413 x20679,delilah@maggio.name
1800333883,Terry Elmira Christiansen DDS,Andorra,700-425-6743 x045,nicklaus@franeckiroberts.us
1410547840,Rosella Hirthe,Cyprus,(274)109-7588 x038,rosalia.okeefe@okuneva.com
1066855737,Tyrel Bashirian II,Kyrgyzstan,(412)664-0123 x9421,luther@brownwolf.name
1998697943,Prof. Vincenzo Hertha Kovacek DDS,Andorra,1-842-495-6949,santina.beatty@collins.name
598634383,Mr. Elyssa Rosenbaum,Italy,(454)620-2945,katlyn@faheytoy.biz
2142728599,Maritza Kohler,Réunion,136-270-1459 x391,brice@cormierboyer.biz
612062282,Mrs. Glenna Linwood Bogan Sr.,American Samoa,636.265.1419,jerome@dare.uk
2034738340,Diego Reichert,Nauru,326.863.7087 x37962,ardella@bayerbernier.co.uk
1121678501,Miss Sylvia Homenick,Greece,1-932-284-7958,glenna@ebert.co.uk
2118490466,Ms. Erling Jaquan Howell,Equatorial Guinea,183-029-6431 x37113,samson.rohan@feest.name
1746772525,Destany Schinner,Canada,1-070-166-2305 x429,mustafa.bradtke@kessler.uk
382106515,Jamal Dach,Brazil,(763)135-3596,ressie@orn.uk
1091740437,Halie Gleason,Belize,869.625.1558 x746,ozella_dooley@beahan.biz
1683740946,Ms. Beau Marina Pagac,Lesotho,609.986.0478 x728,gust_adams@swaniawskikeeling.uk
1770289362,Bradley Skiles II,Zambia,1-209-193-5562,darrion.olson@leannonpouros.name
1701571917,Mary O'Hara,Anguilla,070-453-7958 x46767,henderson@mills.ca
1910490044,Vickie Gerlach PhD,Honduras,1-920-790-4168 x3312,kattie_weissnat@smith.us
1620505908,Marshall Jones,Israel,1-184-912-2107,flo@bruen.co.uk
1884183334,Mrs. Trace Ernser,Grenada,(534)572-5744 x0100,brody_cummings@bernier.co.uk
1453095199,Charlene Kuhic,Austria,475-322-9022,yadira.hammes@hackettswaniawski.co.uk
606381060,Jeffry Durgan,Mauritania,665-876-0641,golda.dubuque@wisozk.com
1112353794,Otis Block,Chile,(861)972-1113 x006,jonas_cronin@mills.uk
909268400,Miss Addie Volkman,Central African Republic,411.518.8954 x17179,glenna@borer.name
126025987,Chad Jacobs IV,"Congo, the Democratic Republic of the",(163)455-6274 x6014,emiliano@johnssteuber.biz
514670655,Niko Corkery,Australia,215.583.9459 x1702,alphonso_wisoky@hahn.info
1135725198,Mrs. Daphne Fay,Nicaragua,198-453-5652 x798,daren@dooleykulas.ca
1200333534,Prof. Cristal Dillon Weimann,Cameroon,832.934.4991,russel@pouros.co.uk
1113286601,Miss Sabryna Cole III,Barbados,(999)665-4858 x092,eden.nolan@kubfeest.com
1812354336,Dr. Elmore Borer,Sudan,138.882.8417,amos@von.us
486463617,Kaya Donnie Jaskolski V,Central African Republic,(842)525-4929,elmira@bartellmoore.co.uk
1582623708,Sanford Gerlach,"Tanzania, United Republic of",138.129.5750,addie_christiansen@aueranderson.info
817993402,Evans Miller,Iraq,911-235-5694 x1104,jerrell@west.name
621740521,Mr. Elaina Maximillian Purdy,Bangladesh,556.590.6956,gregory@terry.com
1539599311,Bradly Mosciski,Curaçao,(772)433-8125,juliana.dietrich@funk.ca
112979562,Earl Zboncak,Albania,(073)714-1085 x333,caden@christiansen.ca
1415793527,Ambrose White,Marshall Islands,(946)400-0278 x604,johnny.dickens@weberjacobson.com
1602492125,Mariah Kris,Bahrain,493.645.4845 x23952,lucile@hettingermetz.com
1410208473,Ms. Loren Destiney Jewess,Maldives,838-222-4979,joanne@abshire.com
1972087108,Miss Roberto Yundt,Saint Pierre and Miquelon,(222)016-9232,eldridge@kohler.uk
202161964,Angel Collins MD,Burkina Faso,1-856-508-7896 x2548,trudie_gulgowski@hartmann.uk
1694212810,Dr. Lacey Rowe,Saint Lucia,1-522-439-0079 x92817,filomena@cummings.co.uk
1981807325,Karolann Schumm,Heard Island and McDonald Islands,1-183-985-6474,carleton@hegmann.co.uk
1541055950,Westley Zemlak,"Tanzania, United Republic of",(993)007-5712,micheal.macejkovic@koss.com
64360485,Tom Ayden Greenholt V,"Tanzania, United Republic of",775-060-4749 x317,callie@rosenbaum.com
933401328,Camilla Pacocha,Yemen,(894)326-1884 x09721,madelyn.dooley@dare.info
988804181,Mrs. Alvina Legros I,Mozambique,(844)835-2822 x1349,jefferey_koepp@mitchell.info
1635119256,Ismael Price,Algeria,1-266-868-8590 x68739,amiya_gerlach@schneiderstanton.co.uk
616083430,Norval Moen,Azerbaijan,1-732-296-4107,stanford.damore@lindgrengreen.com
754438309,Fleta Kihn,Dominica,568-179-8323 x45990,art.greenholt@lowe.name
2076318842,Mrs. Estefania Emery Satterfield,Paraguay,515.240.2901 x32218,kyra@graham.us
525739358,Liam Renner,"Macedonia, the Former Yugoslav Republic of",394.913.2967 x35313,orland@oreilly.biz
1563481982,Prof. Manuela Davis PhD,China,995.109.5988,keely_schiller@kunde.ca
1929047775,Cyrus Ernser,Norfolk Island,(315)474-8713 x994,aniyah.runolfsson@willms.info
1285436667,Cameron Hamill,Trinidad and Tobago,(511)124-5910,simone@ullrich.ca
978078214,Nella Runolfsdottir DVM,"Bonaire, Sint Eustatius and Saba",1-452-606-4257,adell_kerluke@okuneva.uk
371708638,Norval Danyka Effertz V,Fiji,033.896.3778 x045,julio.gerhold@abshire.com
1741036980,Mrs. Madilyn Bradtke DVM,South Sudan,1-656-646-1537 x251,rickie_rohan@keelingwisozk.com
874602384,Ms. Selina Leora Koch V,Tonga,(702)587-2618 x7324,wiley_labadie@emmerich.ca
1350351923,Maud Kerluke,Philippines,180.630.7892 x0156,newell@spinka.com
155699474,Tyler Kuvalis DVM,Falkland Islands (Malvinas),711-019-3386 x82107,aditya.goyette@wyman.uk
1967377846,Grady Sauer,Cambodia,470.013.7756,hollie@rodriguez.com
1768140894,Kaitlyn Beahan,El Salvador,551.248.7219 x19721,vicenta@anderson.us
1796817562,Ms. Noelia Deron Zieme III,Cameroon,1-993-659-4105,chris@yundt.com
1948325829,Mrs. Bonita Skiles DDS,Liberia,1-569-471-7503 x97635,rupert@morissette.com
1768541700,Jorge Kub,Myanmar,744.023.1665,keira_walker@mraz.co.uk
516097760,Nettie Yundt,Cape Verde,521.785.9667 x250,norris@hesselbrekke.us
468566602,Grant Bayer,Saint Martin (French part),411-051-1316 x804,janice@boscofeil.co.uk
630123232,Ernesto Okuneva,Tajikistan,1-423-106-5906 x0678,dion@mills.us
1334335582,Brooks Adams,Oman,1-906-630-1353 x8125,zoie@crist.uk
513033028,Ewell Jerrold Rau III,Thailand,1-088-376-6889 x97550,dolores@cartwright.com
1346878683,Katelynn Waters Sr.,Liberia,(158)673-3888 x939,dayana@goyette.com
114432634,Mrs. Maxwell Donnell Rohan,United States,1-457-056-9008 x16290,ole_ebert@gaylord.us
1928782988,Elisa Stiedemann,Sri Lanka,1-398-138-9230 x4577,lemuel@effertz.co.uk
976748266,Mrs. Minnie Verlie Moore IV,Morocco,(656)287-2127 x70863,aryanna@weimann.name
191327076,Noel Donnelly,"Iran, Islamic Republic of",321-952-3692,edmund_metz@schiller.uk
353473394,Mrs. Kaela Keith Mueller III,Suriname,376.139.0391 x52420,claudia@runolfsson.biz
2117470838,Dr. Cristian Modesta Tremblay,Canada,(413)992-6359,michale_murphy@johnston.com
1484347401,Delia Okuneva,Bangladesh,861.873.0178 x2643,alba.konopelski@rolfsonhermann.co.uk
1083058676,Mrs. Rory Lurline Lebsack Sr.,British Indian Ocean Territory,548.248.7131,flo_jones@torphy.info
576307266,Edwardo Gerhold,Guyana,(045)865-9524 x95716,joaquin.volkman@feilparker.ca
331515061,Miss Dane Lyric Hand,Zambia,1-307-820-1801,daphne.braun@baumbach.uk
1464807765,Bobbie Koelpin III,Lebanon,273.048.4526 x76259,carolyne.walter@kuhnankunding.us
226245342,Abner Hayley Von Jr.,American Samoa,097.887.1956 x62352,kale@parker.com
1279433771,Jeanette Bergnaum,"Virgin Islands, British",1-034-356-3672 x4924,margaret@kreigerabernathy.com
2004047327,Mrs. Ricardo Colin Luettgen,Antarctica,1-073-969-1087 x8060,chance@conroy.ca
2130265520,Mr. Abagail Huels Jr.,Timor-Leste,418.386.7851 x69585,collin@davis.biz
1798585898,Josefa Schuppe,Poland,1-005-548-9487 x1454,emmanuelle@gerlach.us
102729383,Cheyenne Grimes,Macao,(333)065-3444,myriam.flatley@hirthetreutel.uk
809489978,Mrs. Wilfrid Jaren Predovic V,Cocos (Keeling) Islands,765.902.2776 x53991,wallace.robel@hanedenesik.co.uk
2039607459,Hilbert Homenick V,Holy See (Vatican City State),937.399.8941 x78173,reid.bruen@gutkowski.com
703908337,Guiseppe Ebert,Kyrgyzstan,1-877-435-9983,rico@hermistonmurazik.com
203454828,Brock Hamill DDS,Ethiopia,1-857-833-8073,deondre@beckerlabadie.ca
187152574,Agnes Muller,"Tanzania, United Republic of",(367)488-8961,daphne_keebler@hamillgibson.name
691298916,Ora Hauck,Lithuania,(000)449-8529 x7147,emery@leuschkesauer.co.uk
849553056,Caterina Jast,Yemen,1-863-577-7944,rodrick_stehr@considinejacobson.name
80498534,Sid Waelchi,"Korea, Democratic People's Republic of",1-787-401-8722 x895,ruthie@lang.ca
1171739902,Marcia Von,Jamaica,870.533.3481 x445,kaylin@block.info
914111374,Eddie Homenick,Ecuador,673.426.6904,royce@feil.biz
1836588775,Isobel Murphy,Botswana,1-466-219-2414 x722,diana.johnson@baumbach.name
429679185,Claud Mraz III,Jordan,(541)572-2793 x705,clay.oberbrunner@ward.ca
1681247771,Kraig Kutch,Slovakia,(378)369-2282 x7526,georgette.smitham@legros.info
2100801283,Hillary Johnathon Dooley I,Serbia,1-913-847-5094,axel.king@towne.name
968811016,Mrs. Rhianna Kerluke Sr.,Luxembourg,(221)803-1386 x892,zachariah@lind.uk
426709952,Maude Koelpin,Saint Martin (French part),(046)034-3575,makenna.koelpin@vonrueden.us
1606061908,Kyra Wiegand,Central African Republic,1-111-253-6232,clemens.durgan@graham.uk
207890207,Pierce Wilkinson,Pakistan,1-914-656-1699 x07727,dock.pouros@greenholt.biz
572638665,Earline Luettgen,Croatia,886.433.8268 x594,paula_gislason@dare.biz
686691582,Magnolia Goyette,Australia,(179)836-2563,stevie@rodriguez.us
1002523311,Jordane Lowe,Grenada,301-658-8010,brant.hickle@leffler.ca
1813965081,Zetta Olson,Nauru,831.950.9208 x880,brando@koch.info
985747598,Dr. Nicholas Samantha Donnelly III,Germany,(272)662-8323 x2561,jaylon_upton@terrymohr.name
1006928851,Lambert Wilderman,Romania,1-010-573-7483 x174,ivy_green@hilll.us
484850212,Bradley Hermina Ebert PhD,United Arab Emirates,913.514.4937,estevan@grahambins.uk
1815481924,Prof. Moriah Arnold Schowalter V,Nicaragua,362-198-4928,dalton@fay.name
1759180640,Mrs. Mya Tillman Bauch III,Hungary,(931)669-6598 x88880,stuart.brakus@gislasoncasper.us
759096005,Stanford Lebsack,Monaco,1-935-266-1022,jonas@parisianzemlak.us
724273695,Avis Berge,Bhutan,1-866-283-2086,foster@wunschcronin.uk
1874827815,Gavin Mohr,Zimbabwe,103-918-2144 x5373,keenan.connelly@mckenzie.biz
1436703375,Brittany Bogan,Tunisia,1-421-348-4731,helga@ernserhomenick.us
2130450940,Prof. Shaina Pedro Rau,Curaçao,1-091-475-9555 x418,lilla@howerenner.biz
261229395,Isaias Boyer,Heard Island and McDonald Islands,808.305.5508,jayden_hackett@vandervortgrimes.uk
1569192745,Keven Smith,Saint Barthélemy,(209)697-2610 x52719,sedrick.legros@gerhold.com
936206470,Ashly Ricardo Cole III,New Zealand,175.874.7546 x96822,elta_feil@kutchschuppe.biz
605741279,Arielle Lehner,Libya,283-997-8002,robert_schmidt@rutherfordgrimes.com
1086611658,Jess Parisian Jr.,Japan,369-359-6034,lucienne.miller@feest.info
1206599156,Earl Muller DVM,Burkina Faso,973.947.0224 x7949,melvin@wehnerbrekke.info
65057415,Helene Spinka,Bangladesh,794-909-0185,clair@herman.uk
1267963200,Nedra Anderson,Nepal,449.403.5687 x2459,brock.okeefe@murazik.com
692176257,Miss Coleman Terry Weimann III,Paraguay,1-874-651-0213,maryam.emmerich@torphy.uk
1063681527,Melvina Bradtke,Mali,(284)253-2396,tyrell@larkindickens.info
239744777,Dangelo Goldner,United Arab Emirates,146.803.3691 x78012,joy@jenkins.biz
1525469265,Turner O'Connell,Uganda,678-329-6854 x8447,ila_maggio@kshlerinbradtke.ca
908282446,Martin Green,Costa Rica,927.431.0452,justyn_reynolds@schaefer.ca
31843742,King Bernier,San Marino,1-967-214-1528 x840,leopold.casper@sporerschiller.us
410409544,Kianna Spinka,Viet Nam,(037)425-3228 x782,melvina@durgan.co.uk
589108572,Llewellyn Rosenbaum,Vanuatu,1-012-573-8414 x966,nya@rowe.uk
326387932,Prof. Blaze Waters V,"Taiwan, Province of China",1-716-359-5263 x024,torrey_brown@emmerichstehr.com
601869525,Lela Heaney,Mexico,192-986-5608,everardo_hand@funkrempel.us
211485239,Prof. Bennie Eileen Gutmann,"Saint Helena, Ascension and Tristan da Cunha",(257)512-0351 x67106,abdul@kihn.co.uk
252799432,Noemie Nicolas,France,531-042-3111 x963,ibrahim@pacochaoconnell.us
1784500339,Mrs. Kenna Clemens Bernhard IV,Afghanistan,(728)904-5210,viva_bednar@brakusrodriguez.ca
1239944623,Wade Walter Gerhold III,Somalia,1-713-634-7075,jacky@yostkling.us
524680318,Erika Gutmann,Cameroon,1-168-036-0556,nia@schuppe.com
722581976,Lizeth Ratke,Gabon,1-708-505-9770,corrine.wunsch@murphy.us
115829335,Mable Wisozk,Saint Martin (French part),295-167-0932 x400,macey@hahn.ca
1082687441,Wendell Lowe,"Moldova, Republic of",1-149-126-0035,juwan@connelly.us
1488345326,Gerda Farrell,Japan,(875)782-4394,foster.grady@beckerparisian.ca
1064832990,Adrianna Berge,Åland Islands,(498)132-0240,jade.larson@dickinson.name
1734271045,Mariano Von DDS,United States,(381)164-2428,euna_simonis@rodriguezkerluke.us
170086368,Claud Sawayn,Paraguay,1-727-327-7061 x8420,donato@boehm.info
1827412906,Miss Abdiel Krystel Green,Svalbard and Jan Mayen,(849)691-7810,garth.abbott@deckowheller.info
376979135,Mr. Beau Tillman II,Lithuania,1-616-626-2528 x194,jonathon@hirthe.us
1209043027,Waldo Gerlach,New Zealand,215-469-5867,christine@rutherford.uk
2099795804,Prof. Hope Jarvis Weissnat IV,Bosnia and Herzegovina,112-120-5449 x2113,eldon.renner@roobstamm.biz
407350244,Isac Waters,Qatar,527.245.5423,shanie@kris.com
1986807300,Adelbert Harris PhD,Pitcairn,356.263.4963 x3820,krista.hartmann@kohler.info
283072696,Milo Block,Albania,(488)351-3031 x11626,carter_hyatt@rohan.co.uk
1317418940,Cassandra Hudson,Austria,535.943.4688 x009,amelie@bauch.us
1241971361,Lonnie Genevieve Zieme Jr.,Jamaica,(100)316-5885 x429,veda@renner.ca
583946525,Alta Medhurst,Kyrgyzstan,(301)384-7879 x993,graciela_kihn@bauch.co.uk
308952931,Pascale Okuneva,Cuba,(153)212-4132,antwan@gulgowski.name
1573715175,Mrs. Elvera Klein,Botswana,1-036-187-5221,emerson_mraz@cole.com
1039258935,Leanna Bahringer,Bosnia and Herzegovina,738-097-7773 x67858,damaris.wilderman@emardryan.com
1237741774,Elwyn Elfrieda Kovacek Jr.,Colombia,765-796-7726,osbaldo.waelchi@crooks.info
1013474059,Irwin Rosenbaum,Aruba,1-679-979-9553,thalia_little@schultz.info
1006329059,Kian Flatley,Cape Verde,(809)921-4499 x460,grace_pollich@lesch.name
824859958,Prof. Aiyana Wisoky,Tonga,(818)625-4899,jerry_kreiger@lowe.us
325466519,Odie Berge,Greece,(080)036-9897,mireya@oconner.uk
1608571183,Ada Welch,Finland,678-228-1938 x874,charlotte@beatty.co.uk
159359384,Bennett Conroy,Tuvalu,732.729.9800 x6545,jordyn@brown.com
1023899629,Lauren Clay Cronin II,Luxembourg,837.468.5797 x6822,chaz@doyle.co.uk
949719151,Prof. Florine Randal Bernhard MD,Saint Kitts and Nevis,848-485-3062,cristal@morartowne.co.uk
1374936226,Prof. Brent Gutkowski PhD,Poland,285.114.7803 x5563,jerod@shields.uk
741919787,Rocky Schaden,Maldives,1-449-379-8111,henderson.kulas@labadie.name
1996818191,Dr. Montana Nelson Boehm,Sao Tome and Principe,1-143-638-8329 x60879,bria@gaylord.us
2077968162,Aimee Hintz IV,Bahrain,1-733-246-3400,aryanna@lowedibbert.ca
1501641545,Garrick Schneider,Sudan,068-480-8571 x079,martine@glover.com
79162771,Cathryn Wolf,Ukraine,910-126-6187 x8951,bernice.harber@wisozk.info
189531305,Mr. Daphne Mayer Jr.,Liechtenstein,1-844-872-8763,rozella@champlinkohler.com
1756037842,Karl Wilkinson,French Polynesia,(343)344-2629 x426,asia_rohan@hahn.com
822488862,Ms. Bridget Esteban Cronin DVM,Faroe Islands,1-545-814-5707,luigi@aufderharkonopelski.name
1558913242,Mr. Cole Kian Maggio MD,Kuwait,(516)060-8917 x8184,isabelle@skiles.info
270972072,Syble Towne,Mauritania,(743)227-5425,bria@robel.us
185639081,Zoey Dicki,Belarus,1-466-223-9895,jerrod@prosacco.biz
917151916,Malinda Jast,Finland,832.737.7543 x18809,lyric_nitzsche@haleykreiger.uk
1844054800,Eldora Stanton,Falkland Islands (Malvinas),303-993-4772 x2265,verdie.ullrich@walkergutmann.name
1882092911,Tillman Fadel,Guernsey,(318)151-8894 x571,lawrence@keebler.name
1529661585,Mrs. Audreanne Holly Welch,Nepal,907.237.1263 x869,ernesto_torp@pfannerstill.uk
2146769244,Mabelle Kuhlman,Nauru,063-355-8453,jeremy_roberts@ebert.com
912854590,Tyreek Berge III,Kuwait,(514)630-4395 x611,linwood@durgan.us
459654450,Ida Heaney,Qatar,1-443-999-9830 x61346,augusta.kovacek@emard.ca
826208107,Barry Larson,Antigua and Barbuda,1-316-142-0390 x937,dee@mrazheller.biz
1489902024,Mrs. Meta Trevor Bosco,Maldives,(282)751-0824,ewald.abshire@grahamhaley.info
799261659,Tod Kirlin,Saudi Arabia,424.021.6631 x6296,leila@orn.ca
1061851170,Dewayne Franecki I,Botswana,657.033.9976,elwyn@larkin.info
1844790680,Candelario Sauer,Togo,1-453-241-2650,maye_kerluke@haag.uk
1641247398,Miss Effie Jerde,Svalbard and Jan Mayen,188.859.3930 x841,gust_ryan@manterussel.com
824099173,Hilbert Hayes,Oman,602-376-1198,edyth_abbott@rohan.biz
1137193276,Ms. Addie Kathlyn Goldner DDS,Antigua and Barbuda,481-651-9126,nora@bruen.biz
212766488,Ms. Reba Howe,Saint Vincent and the Grenadines,600-800-9161,darian@thiellakin.ca
585622303,Mr. Louie Norma Torp PhD,Mauritius,925-748-6574,elisa@koss.ca
871171681,Mr. Derick Glenna Raynor DVM,El Salvador,263.848.1222 x652,mona@torp.ca
743781540,Mrs. Justice Braun,Egypt,664.141.7007 x49557,trycia@bergnaum.name
1918323915,Alaina Kub,French Polynesia,879.688.1379 x0392,torrance@boscoeichmann.com
1878031139,Delia Casper,Pakistan,(564)724-8158,elmore@reynoldsmurazik.name
1547199750,Miss Ian Kareem Huels III,Netherlands,1-987-075-8945 x20502,fernando@streich.name
91534778,Miss Bertram Davis,Estonia,089-973-3178,chandler.feil@wuckert.com
636528584,Ryder Halvorson MD,New Caledonia,703-152-7898,name@volkman.co.uk
1779881162,Kylie Harris,Kazakhstan,268.569.5337,nettie.huels@hudsonkautzer.us
399583963,Mr. Abbey Larson III,Nepal,031-996-9814 x7622,adriana_rutherford@witting.uk
377748350,Prof. Luciano Ankunding,Equatorial Guinea,159-561-4448,nikki@wilkinson.uk
1102886657,Clarissa Katheryn Predovic Jr.,Qatar,439-869-3542 x8887,bianka.marvin@stracke.ca
2106888054,Janiya Gutmann,Pitcairn,(673)769-2339 x8983,zander@jewessfeil.info
1147428768,Lester Zemlak,Zambia,916-421-9748 x944,ryann_kuvalis@fadel.uk
653801994,Dr. Elda Lindsay Predovic,Bosnia and Herzegovina,331-239-7257,aracely_ritchie@sawayn.info
529437262,Johnnie Roob,American Samoa,316.740.3030,guiseppe@rogahn.co.uk
198130714,Amie Connelly,Djibouti,945-601-5197,cary@friesen.info
1214420245,Cheyanne Lang,Nepal,168-013-9650,arnoldo@barton.biz
235401403,Linnie Thiel,French Polynesia,(789)984-9863,garett_rosenbaum@king.us
1922463760,Mrs. Belle Bahringer,Cameroon,118.131.2346 x104,levi.lueilwitz@oreillynikolaus.com
644275654,Adell Gulgowski,Sudan,(369)278-8213,carmelo_friesen@green.biz
444828643,Miss Tatyana Abbie Haley,Panama,269-768-1354,lauretta@kuhn.com
434175888,Keon Bogan,France,1-408-558-6076,kenya.emmerich@johnston.biz
854048856,Dameon Beer,Sri Lanka,752-432-4814 x2334,cleora@leschvandervort.co.uk
2141381884,Daryl Lubowitz,Belgium,536-733-4316,edwina@corkery.name
1420804566,Leila Leo Kassulke Sr.,Hong Kong,(759)270-4344,twila.pouros@naderdickinson.uk
1866348267,Aimee Nitzsche,Portugal,816-518-8959 x75154,ruth@price.biz
1043651473,Mackenzie Borer,Tunisia,242-964-3050 x66954,eldora.weissnat@padberg.ca
1205532346,Mrs. Issac Enola Haag,Australia,193.821.1473,gregg@reichel.info
1985868114,Tracy Kautzer DDS,Niger,145-538-1694 x755,ben_christiansen@grimes.name
1264774834,Ms. Kenna Kenyatta Jacobi,Spain,(832)911-8439,ansley@okon.uk
1929614456,Ahmad Williamson,Angola,354.722.9570,claudia.buckridge@corkeryhyatt.info
1893336716,Ms. Avis McKenzie I,Cocos (Keeling) Islands,(377)653-3444,rylee.bosco@altenwerthortiz.ca
523650595,Edward Raynor,Solomon Islands,195-613-7364 x05766,syble@beier.biz
1488809785,Eda Schumm,Bahamas,1-659-750-5283 x810,gavin_murphy@king.uk
53365089,Margarita Gerhold,"Iran, Islamic Republic of",786-609-3979 x4424,sheldon_carroll@leannon.com
1817017382,Jacklyn Willms,India,1-095-948-5268 x671,cyril.smitham@schroeder.info
158529390,Christop Langosh,Burundi,1-679-053-1780 x4820,hermann.conn@reichert.biz
218486060,Dr. Haskell Virgie Will,Switzerland,(612)788-1872 x76067,claire@nienow.us
1686976766,Trenton Nicolas,Netherlands,1-143-395-9002,emile_goodwin@tillmanbatz.co.uk
1545766596,Prof. Nils Prosacco,New Caledonia,1-596-070-5473,keanu.eichmann@schmitt.name
1656233459,Abdullah Ziemann,Samoa,1-814-092-9194 x691,mikel.lesch@kulasreinger.name
1082115922,Miss Easton Laurine Jast,Christmas Island,382-420-1922,carolyn.maggio@daughertygoldner.ca
250387859,Gregg Annette Nader III,Åland Islands,(342)875-3345 x1745,doris@kiehn.info
273323418,Felicita Skiles,Bouvet Island,623.466.8692,teagan.kemmer@gottlieb.us
1409773012,Pauline West,Netherlands,366-999-0300 x2546,marlee@weissnatschumm.co.uk
125745082,Marquise Medhurst,Tokelau,(554)316-7678 x680,isac@littleoreilly.us
1257998411,Orrin Windler,Mozambique,(403)647-7769 x4350,sister@orn.com
740537774,Jayce Predovic MD,Macao,343-141-6905 x778,jordy_kautzer@cartwrightrowe.com
1859174626,Kaelyn Koelpin,Mozambique,332.876.8041 x394,haleigh@romaguera.biz
2140117460,Prof. Antonietta Olen Stamm,Ukraine,637-173-7827 x21573,harrison.parisian@von.name
865925959,Yazmin Kshlerin,Dominica,826.170.0641,brennan_schmidt@ohara.us
418395773,Ava Swift,United Arab Emirates,(027)750-4704,junior@harris.co.uk
785078024,Mossie Hilll,Philippines,(416)294-4755 x78347,emelia_conn@sauer.biz
443582824,Eileen Hartmann DVM,Mongolia,232-875-2347 x64730,ambrose.aufderhar@beier.info
713516576,Owen Torphy,Sri Lanka,163-816-5760 x0549,gerardo_koch@beergutmann.co.uk
563111873,Omari Erdman,French Polynesia,1-565-341-9670,rosanna_schmidt@uptonbuckridge.info
29926301,Earlene Funk I,"Iran, Islamic Republic of",1-666-855-1109,nicholaus@baileyhettinger.uk
767385121,Mr. Ludie Powlowski Jr.,Argentina,410-999-6415 x189,gayle@bednar.com
895117737,Carolina Kling,Turkmenistan,364-571-2686 x312,fannie@ortizkeebler.co.uk
627825181,Mrs. Marianne Shemar Yost Sr.,United States Minor Outlying Islands,(965)792-0923,urban@stehr.co.uk
1971341691,Annabelle Hoppe,Mozambique,687.784.3711,saul_fritsch@bernier.com
1054141678,Sheridan Kemmer,Kuwait,(463)976-2932 x79214,liam_schroeder@luettgen.co.uk
1034630497,Alejandrin Hoppe,Barbados,008.112.9028,ian_kertzmann@mcdermottcollins.ca
1092328132,Reyna Littel,Guadeloupe,164.258.8377,nestor@pacochasporer.info
174534473,Willard Daugherty,Wallis and Futuna,190.336.5418 x193,rogelio_prohaska@balistreri.ca
1504868706,Marvin Maverick Mertz II,French Polynesia,486.819.7673 x38722,ezekiel@grant.biz
1533997657,Leila Rau,"Virgin Islands, U.S.",(841)718-6242,zachery@tillman.biz
1564838540,Prof. Turner Stracke,Marshall Islands,105-021-6398,olen_hudson@okeefebarrows.co.uk
678864223,Mr. Maurice Lehner IV,United Kingdom,1-052-829-2279,sharon@torphyhayes.uk
1616483038,Lucio Gusikowski,Mauritius,366-508-0295 x9243,christina.rowe@schowalter.info
1976732732,Ms. Floy Torphy,Swaziland,776-299-8249 x5782,maryjane@haley.ca
1779972833,Vince Roob,San Marino,528-258-9946 x41790,edythe@braunhyatt.biz
447624550,Una Morar,Niger,(195)326-1095 x50712,aubree_moore@senger.com
690839208,Keanu Stanton,United States,470-983-3246 x529,lenore_rippin@gulgowskigottlieb.ca
116844134,Ursula Tara Bayer Sr.,Macao,664.953.2516 x32110,wilford.auer@dare.uk
317937619,Jared Kulas,Belize,666-814-7477 x6828,kyleigh@altenwerth.info
1423958858,Lindsay Bernier,Samoa,(054)279-7993,tyshawn_hills@millermuller.us
936727051,Audra Kuphal,Haiti,1-591-085-6581 x651,karli@rodriguezhintz.name
416074703,Elmira Boyer,Puerto Rico,030.035.9976 x8634,akeem@heaney.uk
339239803,Timothy Wilderman,Fiji,1-393-182-3043 x81383,sarai@breitenberg.com
1092103945,Junius Hirthe,Argentina,(318)359-7999 x973,aida_skiles@botsford.co.uk
832444458,Miss Eugene Cormier,Andorra,355.973.9314 x361,piper.kozey@hermiston.com
409109203,Dr. Celine Heloise Leffler,French Guiana,554-955-6084,friedrich@bruengibson.uk
705089461,Mario Greenholt,Congo,008-547-0725 x99697,mia@reichertfahey.us
735715268,Vincent Alexa Orn I,Cook Islands,339-528-6858,ilene_kunze@haagmacejkovic.uk
865850659,Dr. Rodger Delphine Mills Sr.,Dominican Republic,568.927.6595,elissa@goldner.com
899372957,Leonora Parisian,Côte d'Ivoire,(683)369-4960 x8152,crystal_block@moensmitham.biz
998714216,Garret Doyle,Ghana,1-165-618-5136 x95159,zander_rolfson@hirthe.us
236514589,Gerda Cyrus Beahan V,Saint Pierre and Miquelon,(968)494-7105 x3931,laurianne_dubuque@raynor.ca
1213937676,Dr. Chelsie McKenzie II,Nauru,(098)715-3408,kole@faheylangosh.ca
811187991,Tressa Doyle DDS,"Iran, Islamic Republic of",1-849-181-5868 x77870,lemuel@waters.name
1810367519,Mrs. Mauricio Stevie Christiansen,"Taiwan, Province of China",(913)155-9182,barney.barton@wolf.uk
569969430,Hyman Glover,Guatemala,671-187-8638 x5162,amely@pollich.name
1053497797,Ida Miller,French Polynesia,(959)910-4539 x653,buddy@barrows.com
1940316028,Alda Mitchell,Saint Kitts and Nevis,627-210-2260 x4826,annalise.willms@mcglynn.us
1856711602,Prof. Florencio Sipes Sr.,Pitcairn,1-558-495-6514 x3600,mireya@ratkelueilwitz.info
1805202590,Ms. Cody Bernhard,Azerbaijan,532-553-1305 x665,colton@jewess.uk
1341501242,Guido Wolf,"Moldova, Republic of",1-603-860-1964 x19586,angelo@willmsquigley.info
33395749,Abdiel Hahn,Argentina,926.144.5919 x6490,lina@strosin.biz
806787305,Jovany Kulas DVM,Montenegro,1-660-955-5134,joelle.runte@schamberger.name
1127236952,Mrs. Augustine Glover,Vanuatu,1-951-070-7762 x95599,guillermo@huel.name
1061034438,Antonette Macejkovic,Sint Maarten (Dutch part),054.848.4797,sydnie@russelcummings.co.uk
1857016935,Antonia Murray,Ukraine,773.715.0239,shawn@gleichnerhessel.uk
475641394,Dennis Williamson,Georgia,1-338-272-4680,devan_cummerata@gradynader.info
1883751209,Miss Vance O'Keefe MD,French Guiana,1-279-408-4583 x974,dewayne.hahn@berniermacejkovic.uk
1640870013,Ms. Janick Linwood Okuneva,Cape Verde,619.872.5714 x139,tyreek.bergstrom@hilllgreenholt.co.uk
1877231440,Judson Collier,"Korea, Democratic People's Republic of",742-071-5266 x69397,darlene.cole@gusikowski.us
221760302,Rickie Kessler DVM,Réunion,1-090-153-5849,delbert@legros.us
871899847,Trever Treutel,Switzerland,(529)577-4858,nicolas@gulgowskilemke.ca
1045977445,Marcelle Greenholt,Finland,(562)211-2277 x18745,dawn@reynolds.biz
1660486703,Dewitt Schowalter,Romania,(820)362-4348,damon_boyer@wuckert.ca
824135475,Maxine King,British Indian Ocean Territory,(733)983-1026 x484,toney_swift@herzogondricka.us
904882652,Josie Zemlak,Namibia,807-798-2829 x121,estefania_powlowski@leuschke.com
512947009,Hazel Tromp,El Salvador,037.101.1008,korbin_herman@blickmccullough.name
1285208294,Ms. Talia Macejkovic,Dominican Republic,1-221-724-4287,jailyn.cummerata@bartolettibecker.com
602106636,Annabelle Jakubowski,Brunei Darussalam,192.865.1366,erica_cassin@legros.co.uk
852539371,Mafalda Boehm,Ghana,422.966.2029 x251,dillon@runolfsdottir.biz
112597562,Sienna Rowe,Georgia,455-413-3934 x65429,verner@bogisichpollich.us
1721544797,Ms. Electa Donny Senger,Costa Rica,072-430-0623,finn@flatley.info
985513934,Mrs. Tia Legros DVM,Papua New Guinea,(734)376-5371 x6478,florencio@heaney.us
952708001,Drake Wisoky,Ghana,218-065-9164,veda.runte@little.ca
624538525,Miss Rebecca Oral Huel MD,Slovakia,697-716-1464,brent.eichmann@jaskolskierdman.biz
871861192,Clemens Walter,Christmas Island,748.221.6952 x807,marquise_baumbach@sipeshudson.ca
287320747,Ms. Leda Kub IV,Lebanon,535.990.8502,mckenna_spencer@hilpertborer.biz
1388063842,Prof. Hilma Moore,Congo,507.419.2329 x695,angelica_zboncak@keebler.com
829084477,Mrs. Ernest Ron Franecki MD,Guinea,(671)682-6189 x03945,cordelia_west@kunze.biz
185742115,Ms. Nikko Stanton III,Senegal,678.179.6478,gage@schimmel.ca
1119124122,Monserrat Bernhard,Guam,215.375.0296,gunnar.connelly@gleichnerharber.co.uk
610018767,Prof. Alek Becker,Belarus,1-806-264-4427,isobel.ryan@kuphal.uk
198457122,Prof. Lacey Melyna McLaughlin III,Niger,1-428-724-5457 x0017,clarissa@breitenberg.co.uk
1370776415,Maritza Hoeger,Switzerland,(499)756-8008 x879,breanna.kub@hackett.ca
38735853,Prof. Moriah Clark Purdy DDS,Syrian Arab Republic,541.206.2574,randal@dach.uk
1340863974,Ms. Herminio Predovic,"Korea, Democratic People's Republic of",(451)034-8737,quinten@wymanmertz.biz
1932613722,Vella Abshire,Indonesia,281-825-9601,maya.brakus@zemlakklein.uk
803128069,Miss Linda Funk,Montenegro,1-956-563-6168,hudson@windlerheathcote.us
251598262,Rupert Bosco,Guyana,1-274-894-8056 x472,arvid@pacocha.ca
446428091,Horacio Powlowski,Zimbabwe,407.267.3012 x725,frederick@pagac.com
1262031769,Juwan Kerluke,Burkina Faso,1-785-394-7798 x9507,jayda@sporer.name
602230157,Demario Medhurst,Bulgaria,1-047-989-9578,ruth.fisher@sipes.uk
1493414438,Mrs. Milton Monahan IV,Guyana,1-187-998-2174,percy@borerdickens.us
480928216,Henriette Bechtelar,Åland Islands,1-364-567-3422 x8446,ozella.thiel@bahringerreichel.com
892756041,Dr. Maeve Carmel Moen III,Egypt,1-521-389-9360 x0383,nicholas.langworth@leannon.info
1269081989,Bailee Collins III,Armenia,1-791-897-7285,melany@kshlerin.co.uk
1583202066,Ali Jewel Corkery II,Brunei Darussalam,(139)131-7815 x878,garnet.hilll@grant.uk
1189827562,Miss Juvenal Dach II,Qatar,912-283-8884,queen_mckenzie@metz.com
1360060554,Jayce Hodkiewicz DDS,Brazil,463.405.8561 x24293,ashly_koepp@lefflerbergnaum.name
476214871,Abbey Rodriguez,"Virgin Islands, British",(339)058-7138,beth@veum.biz
915287513,Sonya Rippin,Canada,271-835-4255,rigoberto@gerholdking.biz
2057291658,Dr. Jordan Giovanny Bogan,Mexico,1-423-563-3396 x5215,loy_koch@lehner.info
1274570489,Prof. Daisha Greenholt,Sudan,134-766-0102,eileen@lehner.us
1302973160,Sydni Jacklyn Gislason II,Côte d'Ivoire,(793)796-4921 x5156,catalina.schaefer@bruen.com
414378753,Modesta Johns,Tokelau,180.599.4779 x658,katelynn@rogahnvonrueden.us
2000230993,Miss Trystan Roy Effertz,Malawi,(102)061-7308 x63446,ellen.simonis@wymanebert.name
552068235,Mrs. Hilda Kurtis Gerhold,"Virgin Islands, U.S.",049-109-4934 x1710,afton_champlin@watsicalemke.us
1300801201,Golden Leonie Swaniawski IV,Tuvalu,(924)828-1533,roman_rogahn@bogisich.co.uk
1400445013,Prof. Deontae Melvina Fisher I,Saint Vincent and the Grenadines,504-744-3604,toney@gusikowski.co.uk
1901746368,Lea Daniel PhD,Cameroon,1-371-393-9982,eva_mraz@wiegand.us
540543475,Ansel Heller,Sint Maarten (Dutch part),1-869-443-1607,ryan@upton.com
1701342765,Mr. Krystina Wilhelm McClure II,Togo,1-060-290-0746,dawson_vonrueden@legros.com
802037833,Nyah Mosciski,American Samoa,302.290.7481,kassandra@beatty.us
512862437,Anabelle Hayes,Norfolk Island,(533)354-5758,uriel_walter@starkstreich.co.uk
678727524,Adalberto Powlowski,Oman,222.298.8363 x064,arnulfo@gottlieb.ca
103416664,Ms. Marcel Leffler,Uzbekistan,1-442-063-9729,chris.botsford@schaeferbosco.ca
1011976318,Pablo Cartwright III,Comoros,1-495-627-2294 x13243,ignatius_boyle@gottlieb.co.uk
313449796,Meghan Mante,Martinique,271.030.5637 x9455,nia@blockheaney.biz
517244868,Mrs. Adalberto Dejah Mueller,Solomon Islands,(839)246-8950 x1179,lue.runolfsson@kunde.ca
899239266,Mr. Anya Winnifred Gottlieb,Turkmenistan,(216)089-8733 x05383,khalil@fahey.us
748510294,Hailee Corkery,British Indian Ocean Territory,(752)741-3571 x707,brooke@quitzonrempel.com
494642316,Shaun Wolf,Mayotte,497-582-1860,wilber@hilpert.info
441948760,Mr. Javier Shania Pfannerstill,Sierra Leone,1-715-610-4756 x3116,grayson@conroy.ca
498664322,Aliyah Emard,Iraq,811.550.4856 x727,savannah.dach@dare.info
1555373685,Marie Blanda,Eritrea,643.119.8337 x680,amos.homenick@conroykautzer.co.uk
1811881980,Ms. Meaghan Koepp,United Kingdom,959.692.4433 x3180,lamar_rutherford@cartwright.us
1885360044,Kristy Wyman,Heard Island and McDonald Islands,(383)259-4270,viola_kub@mitchellhegmann.info
282904948,Matilde Steuber,Mozambique,510-533-8156,ray@prohaska.com
1486551780,Autumn Kling I,United States,1-248-087-7013 x70216,newton.doyle@morissette.com
823795147,Jeromy Ima Turner Sr.,Tuvalu,018-994-8329,roger@bauchlakin.com
8718971,Jeanie Ledner,New Caledonia,299.879.8731,izabella_paucek@kuhlmanmoen.co.uk
1769967970,Pedro Altenwerth Jr.,Svalbard and Jan Mayen,976.019.2351 x7091,diamond@goodwinjones.com
1649543107,Mrs. Ulices Reynolds DVM,Greenland,(155)732-9221 x187,buster_douglas@ritchielynch.co.uk
1101493986,Prof. Kaycee Kunde,Mali,(804)742-0796 x250,aiyana@powlowski.com
732066341,Javon Pollich,Niue,1-510-122-9906,reynold_kilback@sauer.us
1606428216,Bridget Wehner,Burkina Faso,135.816.2137,manley.leannon@zieme.info
437394133,Caesar Rowe,Uganda,(374)627-2719 x1277,cindy_shanahan@shields.uk
767807130,Kenna Ortiz DDS,Cape Verde,(288)132-3730 x374,avery_gerhold@kemmer.name
1367922194,Germaine Kuvalis,Hungary,534-259-3023,newell_buckridge@damore.com
2117498642,Emmet Schuster,Grenada,1-372-574-5359,queenie@predovicbednar.co.uk
1091264708,Kris Bernier,Suriname,189-261-5914,ena@schoen.co.uk
961647824,Devin Rutherford,Burkina Faso,649.344.3830,ricky.botsford@kulas.info
2076548965,Norene Zboncak,Puerto Rico,926.289.9762 x475,katlyn.schaden@vonruedenbeer.com
831701456,Brant Feil,Colombia,040.458.8613,elian.lowe@grimescollins.info
2129783621,Ms. Margarete Buckridge,Qatar,055-814-5511,loren@goyette.biz
1347543452,Prof. Rachel Lowe,South Africa,(689)371-0379,dulce_thompson@jacobi.co.uk
1696467535,Greta Travon Boyer DDS,Philippines,533.780.7954 x3646,mac@runolfsdottir.uk
1395348082,Tate Feeney,Bulgaria,(368)885-0372 x4727,jacinto@mante.us
805232071,Flo Schamberger,Kazakhstan,1-774-473-4160 x34440,selina@haag.us
1338479619,Jude Kemmer,Cocos (Keeling) Islands,651-980-8099,adelle@howemills.biz
74674437,Novella Barrows,Greenland,1-866-805-5530 x94537,gregoria_ryan@thieljones.co.uk
1651226970,Dr. Gregg Jeff Deckow IV,Kyrgyzstan,436-761-8498 x520,bernie.keeling@mosciskischmitt.us
1196012094,Ron Dee Rau Sr.,South Africa,(215)693-5764,emmalee_blanda@labadietrantow.com
1720199907,Jo Lemke,Honduras,132-293-1806 x944,lucious@brekke.co.uk
1598228679,Mr. Kyler Dean Kilback,Mongolia,1-053-791-8274 x33816,evangeline@bergnaumthiel.biz
821930892,Ms. Ari Christine Will IV,Spain,967-017-3425,mike_morar@blanda.name
631854193,Ayana Howell,South Georgia and the South Sandwich Islands,1-055-589-0302,jose_heaney@ziemanndamore.com
2015929658,Cecelia Skiles MD,Lesotho,737.285.5152 x79237,ike@reichert.name
1767139640,Hilda Langosh,Cameroon,611.293.7755,trever@muller.ca
942406084,Zola Lebsack,Ethiopia,(802)055-4554 x70085,emmalee@wisokyheller.ca
93785199,Ayana Mertz,Paraguay,(544)046-0565,bridget@volkman.us
496140323,Tremaine Braun III,South Africa,1-848-191-6690 x304,roberto@ohara.ca
1275421666,Mr. Bianka Marcia Murazik,Cyprus,(054)439-0554 x0560,alexandre_buckridge@pfannerstill.com
1478596499,Prof. Ova Kris,Puerto Rico,214-360-9261 x81259,laury@mayermorar.com
2059373895,Brandt Henri Stiedemann Sr.,Tajikistan,1-476-835-6927 x0510,roxanne.boehm@reynolds.biz
2009638959,Cielo Wuckert,Cape Verde,(464)190-0749 x38620,trevor@schinner.uk
1241983207,Madelyn Friesen,Thailand,(873)211-6343 x31126,rubye_jenkins@turner.biz
614459029,Mr. Christ Keshawn Cremin PhD,Bhutan,(692)653-9058 x63305,delfina@hoppekessler.name
693348892,Mr. Leonor Denesik IV,Faroe Islands,336.617.2216,kayla@smith.biz
1845179738,Sydnie Holden Harvey V,Seychelles,1-457-268-9690 x642,florian@treutel.biz
1223463244,Granville Prosacco,"Virgin Islands, U.S.",(899)587-3964,jadon@blanda.com
2081184153,Mrs. Edd Madelyn Cole,Eritrea,573.916.9005 x3497,hyman@spencer.ca
1860855736,Mrs. Maye Jones I,Tunisia,(378)344-3100 x72264,mack_lesch@cristfunk.co.uk
441133425,Brian Kshlerin,Sudan,207.214.6163,demetris_okeefe@mcculloughgerlach.uk
621409564,Janet O'Kon,Iraq,1-228-504-0030 x309,sean@mills.co.uk
1532940761,Ms. Gage Neal Kulas,San Marino,822-747-0425 x24240,khalil@okeefe.us
199519436,Brett Pagac IV,Thailand,1-275-416-9364 x38793,allie_bahringer@yost.co.uk
1958529384,Thelma Bahringer,Georgia,763.203.8145 x6574,amina_crona@robel.com
172920426,Stanton Moore,Belize,(533)891-2012 x8817,vidal_bailey@cruickshank.info
522557107,Mrs. Kaleigh Valentin Barrows,Brunei Darussalam,1-037-674-0414 x477,landen@kuhic.biz
665093498,Abe Berge,Jamaica,(149)570-7973,althea@champlin.info
1711443412,Hester Boyer,New Caledonia,1-772-529-4486 x6873,marcellus.lind@dickiwaters.name
1988027832,Allison Fadel,"Tanzania, United Republic of",493.577.6813,rose@hartmannswaniawski.com
2071283291,Odie Randy Bauch DVM,"Iran, Islamic Republic of",470.133.4992 x5527,alicia.mohr@parker.biz
737655106,Jeramie Kirlin,Italy,108.690.4059,lilyan_dooley@ondrickalabadie.name
2060577966,Derick Kerluke,Cameroon,(900)614-2325,maegan_torphy@lowe.biz
277567406,Prof. Marta VonRueden II,Côte d'Ivoire,674.794.5971 x2348,sincere@krishowe.biz
1374725255,Miles Stark,Martinique,1-792-373-5837 x43025,dedric@schneiderkunze.co.uk
305613418,Prof. Adeline Carolyne Stracke,Greenland,1-343-513-2946 x2021,shayna@monahangreen.co.uk
1855166833,Kenny O'Kon,Maldives,(682)822-9576,kathleen.tillman@hartmann.co.uk
1132951750,Jamison Murl Smitham Jr.,Poland,1-644-489-1218,letitia.huels@runolfsdottir.co.uk
303376886,Prof. Brenna Moises Oberbrunner DVM,Iraq,136.753.0667 x51833,marielle_langosh@langworth.name
1094682424,Miss Giovanni Walsh PhD,Barbados,(656)734-2969 x454,hershel_balistreri@okeeferippin.com
769206577,Una Shanahan,Kuwait,(431)937-8917,corbin_larson@schinner.us
935870260,Kennedy Marks,Luxembourg,236-314-2921,myriam_homenick@kovacek.com
1529787030,Ava Emard,Guinea-Bissau,856-350-2007 x384,nicola.ernser@douglas.co.uk
933406896,Jessy Yundt,New Zealand,123-198-7298 x9037,foster@lindgrencrooks.co.uk
1290386776,Cary Robel,Brazil,1-095-113-5926 x37219,alisa.klocko@strosin.us
1193262251,Kaylee Kessler,Sudan,557-361-1363,skylar@krajcik.name
619654783,Dr. Cheyenne Davis,France,(440)321-1039 x2285,jaida_roberts@wyman.us
1023950949,Arnulfo Rowe,Guatemala,906-904-2742 x503,josh.cummerata@robertsdonnelly.ca
1358613480,Prof. Ora Skiles MD,Antarctica,370-793-0811 x6295,alba@langworthberge.info
526752336,Deanna O'Keefe,Iraq,534.205.2784,jefferey@denesikkeeling.info
492637274,Prof. Madeline Porter Jerde,Israel,(772)856-5368 x51631,carlos.nolan@ziemann.uk
1185679117,Pete Fadel,Antigua and Barbuda,(252)975-1272,ada@reichelmarquardt.info
2044608584,Miss Gerard Estel Grady,Grenada,1-510-002-5572 x67281,esteban@mcclure.info
115746955,Gerson Kub,Canada,(903)040-8595 x5012,elaina@block.name
2082999285,Clifford Wolff,Maldives,1-980-532-1011,jaeden_dooley@bruen.info
1824625358,Mrs. Werner Lueilwitz II,Gambia,1-170-578-7054,vernice@williamson.com
133566516,Coby Dickinson,Cocos (Keeling) Islands,(880)317-5119 x029,evert@collier.name
402881087,Mrs. Alexa Wilma Kub,Turkmenistan,959-364-1665,randall@russel.co.uk
324294041,Hyman Graham I,Switzerland,407.420.5844 x5355,olen_jacobson@jenkins.biz
1319921428,Neha Marquis Price Sr.,United Arab Emirates,090-736-5495 x564,tianna_harber@wardlang.info
1880870994,Trevion Abshire,Russian Federation,(080)892-1705,arnoldo@mann.co.uk
403972822,Valentina Heaney,Macao,149-765-0187 x211,verdie@hoeger.co.uk
1704304708,Miss Elena Satterfield,Tokelau,174-104-9306 x139,darius.luettgen@wisozk.uk
756991705,Milo Emelia Koelpin V,Heard Island and McDonald Islands,1-170-159-7185,laurianne.durgan@friesen.uk
1406546408,Rowland Bayer,New Caledonia,(283)668-0948,thurman@manteschoen.info
1170544654,Jamison Hackett,Barbados,249.311.2117,stella@hamill.ca
222229723,Ms. Cleve Reinger I,Pakistan,(312)134-8517,leanne_orn@schuster.us
1118976307,Mrs. Tyra Pollich DDS,Gambia,1-328-423-0487 x987,vincenzo@terry.com
1977570099,Hershel Bechtelar,Sao Tome and Principe,049-886-4281,lavada@greenfelder.name
1734426761,Dr. Alvena Stone Johns I,India,(428)534-9983 x441,lila_kemmer@collins.biz
1686177040,Maximilian Smitham,Hungary,847-426-9075 x3118,issac.zboncak@stark.com
508575364,Keven Satterfield,Madagascar,1-112-096-3757 x935,berneice_labadie@hyatt.co.uk
1113253336,Hassie Zora Gutkowski Jr.,South Georgia and the South Sandwich Islands,974.135.3414,mitchel@sanford.ca
1224462442,Josh Erdman,Poland,648.615.2924 x609,kristian@skiles.biz
1625172670,Rhoda Schowalter,United States,175-249-7411,dashawn@roberts.ca
1586301342,Solon Grimes Jr.,Slovenia,1-402-504-8120,marilyne_stroman@lefflersanford.info
1909089441,Dr. Norwood Toy Friesen III,Morocco,914.382.7157 x1161,joanie@watsica.com
1301982857,Nikita Adams,Togo,891-624-2998 x10745,leif@spinkaschamberger.uk
1207025817,Adrienne Beer IV,French Southern Territories,377-234-3125,madilyn_ohara@emard.biz
1593237375,Emery Harber III,United States Minor Outlying Islands,1-771-722-7513 x032,shaun_schmeler@osinskischmitt.com
103508432,Jaquan Kulas,United States Minor Outlying Islands,(960)915-3474 x759,loren_vandervort@mosciskiokon.co.uk
2056741641,Trudie Bailey,Jamaica,(225)740-9011,demetris.schaden@jonesgreen.uk
1886055708,Mrs. Orville Berneice Anderson IV,Saint Pierre and Miquelon,840-396-5236,easter_vonrueden@will.ca
430595601,Justyn Ankunding,Maldives,1-877-642-7441,ashtyn@stark.name
96803704,Mortimer Vernon Veum Jr.,Saint Pierre and Miquelon,(593)836-3238 x142,elyssa@mertz.ca
475795113,Kasey Lang,Uzbekistan,1-202-299-6160,kellen@wyman.biz
1880562343,Mr. Domenick Buckridge,"Virgin Islands, U.S.",307-386-2997,lonny@connelly.com
759503092,Willa Reynolds,Svalbard and Jan Mayen,491-690-5615 x82840,marge_kunde@mohr.com
201865575,Dr. Milton Aiyana Lockman,Somalia,(427)192-1483,nola.treutel@ullrichmaggio.ca
286858402,Amira Conn,Gambia,322.490.1456,maudie_braun@erdmanschiller.name
575558939,Marcus Gusikowski,Brunei Darussalam,217-069-8813,hermina_jakubowski@haley.name
1850431428,Ms. Woodrow Mante,Montenegro,(397)530-3184,josie@watsica.name
1528135951,Pearlie Carroll,Armenia,(233)039-4960,earnestine_hickle@heidenreichraynor.uk
961283103,Kylie Rahsaan Strosin DVM,Bulgaria,(152)914-6420 x23755,harold.jacobi@reichert.ca
35351243,Miss Jermain Sylvester Zboncak,Curaçao,264-585-5726 x731,june_gutkowski@oberbrunnermcglynn.info
2061755751,Dr. Hans Tillman,Serbia,994-792-0732 x1426,stephan_dach@gutmann.com
1668210136,Brionna O'Kon,Cyprus,377.934.8062 x05657,taryn@collier.uk
1893426721,Mr. Tyreek Wolff,Czech Republic,550-354-3232 x13062,xander.welch@kuhiccremin.us
2083827457,Miss Violet Kuhlman,Belgium,(590)104-1348,nils.skiles@lefflerrunolfsdottir.info
2090969740,Arne Soledad Purdy PhD,Holy See (Vatican City State),1-811-901-6909 x754,mohamed_lowe@conn.biz
1670953786,Joshuah Reichel Jr.,Nepal,387-495-2680,elta@lebsack.uk
556398208,Penelope Jacobson DDS,Romania,203.684.1308 x9657,audra@pfannerstillwilderman.us
1760465778,Ms. Reva Sporer,Japan,610-169-5730,jesus.jones@harveybeer.name
1383366994,Zora Langworth,Syrian Arab Republic,1-016-532-9422 x23656,isidro@wiegand.us
588028607,Rosalyn Kihn IV,Iceland,1-004-200-7059 x06771,jillian@abernathy.info
1375834252,Ms. Giovani Schowalter IV,Falkland Islands (Malvinas),324.517.5871,elisa_kris@greenholtbosco.com
323708305,Mr. Zetta Terry,Lao People's Democratic Republic,817-109-4142 x771,damion_kertzmann@carter.us
109529899,Emilia Emard,Guam,067.127.5785 x185,april_schimmel@kirlin.ca
